--
-- PostgreSQL database dump
--

SET statement_timeout = 0;
SET client_encoding = 'UTF8';
SET standard_conforming_strings = on;
SET check_function_bodies = false;
SET client_min_messages = warning;

SET search_path = forapi, pg_catalog;

--
-- Data for Name: cat_bitacora; Type: TABLE DATA; Schema: forapi; Owner: postgres
--

COPY cat_bitacora (idbitacora, idproceso, fecha_inicio, fecha_fin, at_inicio, at_fin, estado, descripcion, fecha_alta, usuario_alta, fecha_modifico, usuario_modifico) FROM stdin;
1	999	2019-10-13	2019-10-13	0	0	0	4dlf9djnams0utu9v8cpo29bm1	2019-10-13 10:36:14.938376-06	temporal	2019-10-13 10:36:14.938376-06	temporal
2	999	2019-10-13	2019-10-13	0	0	0	4dlf9djnams0utu9v8cpo29bm1	2019-10-13 15:16:49.771403-06	temporal	2019-10-13 15:16:49.771403-06	temporal
3	999	2019-10-13	2019-10-13	0	0	0	4dlf9djnams0utu9v8cpo29bm1	2019-10-13 16:22:57.487474-06	temporal	2019-10-13 16:22:57.487474-06	temporal
4	999	2019-10-13	2019-10-13	0	0	0	4dlf9djnams0utu9v8cpo29bm1	2019-10-13 19:19:51.132085-06	temporal	2019-10-13 19:19:51.132085-06	temporal
5	999	2019-10-14	2019-10-14	0	0	0	4dlf9djnams0utu9v8cpo29bm1	2019-10-14 15:19:42.720053-06	temporal	2019-10-14 15:19:42.720053-06	temporal
6	999	2019-10-14	2019-10-14	0	0	0	4dlf9djnams0utu9v8cpo29bm1	2019-10-14 15:39:25.535367-06	temporal	2019-10-14 15:39:25.535367-06	temporal
7	999	2019-10-14	2019-10-14	0	0	0	4dlf9djnams0utu9v8cpo29bm1	2019-10-14 16:43:41.849339-06	temporal	2019-10-14 16:43:41.849339-06	temporal
8	999	2019-10-14	2019-10-14	0	0	0	4dlf9djnams0utu9v8cpo29bm1	2019-10-14 17:27:43.310358-06	temporal	2019-10-14 17:27:43.310358-06	temporal
9	999	2019-10-14	2019-10-14	0	0	0	4dlf9djnams0utu9v8cpo29bm1	2019-10-14 17:30:31.872123-06	temporal	2019-10-14 17:30:31.872123-06	temporal
10	999	2019-10-14	2019-10-14	0	0	0	4dlf9djnams0utu9v8cpo29bm1	2019-10-14 19:11:39.820281-06	temporal	2019-10-14 19:11:39.820281-06	temporal
11	999	2019-10-14	2019-10-14	0	0	0	4dlf9djnams0utu9v8cpo29bm1	2019-10-14 19:33:01.447385-06	temporal	2019-10-14 19:33:01.447385-06	temporal
12	999	2019-10-14	2019-10-14	0	0	0	4dlf9djnams0utu9v8cpo29bm1	2019-10-14 19:38:51.396126-06	temporal	2019-10-14 19:38:51.396126-06	temporal
13	999	2019-10-15	2019-10-15	0	0	0	b51e2rvii1o6iate8eck7ckuma	2019-10-15 06:53:34.121809-06	temporal	2019-10-15 06:53:34.121809-06	temporal
14	999	2019-10-15	2019-10-15	0	0	0	b51e2rvii1o6iate8eck7ckuma	2019-10-15 06:54:06.183074-06	temporal	2019-10-15 06:54:06.183074-06	temporal
15	999	2019-10-15	2019-10-15	0	0	0	b51e2rvii1o6iate8eck7ckuma	2019-10-15 06:54:28.31191-06	temporal	2019-10-15 06:54:28.31191-06	temporal
16	999	2019-10-17	2019-10-17	0	0	0	6jc6dc3529arkku3676vfhakrd	2019-10-17 10:11:14.379469-06	temporal	2019-10-17 10:11:14.379469-06	temporal
17	999	2019-10-17	2019-10-17	0	0	0	6jc6dc3529arkku3676vfhakrd	2019-10-17 16:52:35.74627-06	temporal	2019-10-17 16:52:35.74627-06	temporal
18	999	2019-10-17	2019-10-17	0	0	0	6jc6dc3529arkku3676vfhakrd	2019-10-17 16:58:11.050504-06	temporal	2019-10-17 16:58:11.050504-06	temporal
19	999	2019-10-17	2019-10-17	0	0	0	6jc6dc3529arkku3676vfhakrd	2019-10-17 19:42:02.414147-06	temporal	2019-10-17 19:42:02.414147-06	temporal
20	999	2019-10-17	2019-10-17	0	0	0	6jc6dc3529arkku3676vfhakrd	2019-10-17 19:42:09.986604-06	temporal	2019-10-17 19:42:09.986604-06	temporal
21	999	2019-10-17	2019-10-17	0	0	0	6jc6dc3529arkku3676vfhakrd	2019-10-17 19:42:16.625804-06	temporal	2019-10-17 19:42:16.625804-06	temporal
22	999	2019-10-17	2019-10-17	0	0	0	6jc6dc3529arkku3676vfhakrd	2019-10-17 19:42:36.230606-06	temporal	2019-10-17 19:42:36.230606-06	temporal
23	999	2019-10-17	2019-10-17	0	0	0	6jc6dc3529arkku3676vfhakrd	2019-10-17 19:55:09.689943-06	temporal	2019-10-17 19:55:09.689943-06	temporal
24	999	2019-10-17	2019-10-17	0	0	0	6jc6dc3529arkku3676vfhakrd	2019-10-17 19:55:15.672553-06	temporal	2019-10-17 19:55:15.672553-06	temporal
25	999	2019-10-17	2019-10-17	0	0	0	rs5juuroge83kaecnsc5nlnuqs	2019-10-17 22:53:08.050856-06	temporal	2019-10-17 22:53:08.050856-06	temporal
26	999	2019-10-18	2019-10-18	0	0	0	r2c2adtrjf734j8nmveip8md0u	2019-10-18 11:08:03.545701-06	temporal	2019-10-18 11:08:03.545701-06	temporal
27	999	2019-10-18	2019-10-18	0	0	0	r2c2adtrjf734j8nmveip8md0u	2019-10-18 13:00:27.068738-06	temporal	2019-10-18 13:00:27.068738-06	temporal
28	999	2019-10-19	2019-10-19	0	0	0	6jc6dc3529arkku3676vfhakrd	2019-10-19 08:51:19.163184-06	temporal	2019-10-19 08:51:19.163184-06	temporal
29	999	2019-10-19	2019-10-19	0	0	0	6jc6dc3529arkku3676vfhakrd	2019-10-19 09:59:16.796173-06	temporal	2019-10-19 09:59:16.796173-06	temporal
30	999	2019-10-19	2019-10-19	0	0	0	6jc6dc3529arkku3676vfhakrd	2019-10-19 19:05:29.511603-06	temporal	2019-10-19 19:05:29.511603-06	temporal
31	999	2019-10-19	2019-10-19	0	0	0	6jc6dc3529arkku3676vfhakrd	2019-10-19 19:08:31.231781-06	temporal	2019-10-19 19:08:31.231781-06	temporal
32	999	2019-10-19	2019-10-19	0	0	0	e4538j9uiip7gcsr7vi5ji5nt4	2019-10-19 20:46:08.400951-06	temporal	2019-10-19 20:46:08.400951-06	temporal
33	999	2019-10-20	2019-10-20	0	0	0	6jc6dc3529arkku3676vfhakrd	2019-10-20 18:51:28.926196-06	temporal	2019-10-20 18:51:28.926196-06	temporal
34	999	2019-10-21	2019-10-21	0	0	0	6jc6dc3529arkku3676vfhakrd	2019-10-21 07:57:50.698011-06	temporal	2019-10-21 07:57:50.698011-06	temporal
35	999	2019-10-21	2019-10-21	0	0	0	6jc6dc3529arkku3676vfhakrd	2019-10-21 19:34:54.354322-06	temporal	2019-10-21 19:34:54.354322-06	temporal
36	999	2019-10-21	2019-10-21	0	0	0	6jc6dc3529arkku3676vfhakrd	2019-10-21 19:42:03.150063-06	temporal	2019-10-21 19:42:03.150063-06	temporal
37	999	2019-10-21	2019-10-21	0	0	0	6jc6dc3529arkku3676vfhakrd	2019-10-21 19:42:08.640596-06	temporal	2019-10-21 19:42:08.640596-06	temporal
38	999	2019-10-22	2019-10-22	0	0	0	6jc6dc3529arkku3676vfhakrd	2019-10-22 12:38:42.585756-06	temporal	2019-10-22 12:38:42.585756-06	temporal
39	999	2019-10-27	2019-10-27	0	0	0	6jc6dc3529arkku3676vfhakrd	2019-10-27 07:35:19.248591-06	temporal	2019-10-27 07:35:19.248591-06	temporal
40	999	2019-10-27	2019-10-27	0	0	0	6jc6dc3529arkku3676vfhakrd	2019-10-27 09:14:40.511305-06	temporal	2019-10-27 09:14:40.511305-06	temporal
\.


--
-- Name: cat_bitacora_idbitacora_seq; Type: SEQUENCE SET; Schema: forapi; Owner: postgres
--

SELECT pg_catalog.setval('cat_bitacora_idbitacora_seq', 40, true);


--
-- Name: cat_bitacora_seq; Type: SEQUENCE SET; Schema: forapi; Owner: postgres
--

SELECT pg_catalog.setval('cat_bitacora_seq', 1, false);


--
-- Data for Name: cat_preguntas; Type: TABLE DATA; Schema: forapi; Owner: postgres
--

COPY cat_preguntas (idpregunta, descripcion, fecha_alta, usuario_alta, fecha_modifico, usuario_modifico) FROM stdin;
\.


--
-- Name: cat_preguntas_idpregunta_seq; Type: SEQUENCE SET; Schema: forapi; Owner: postgres
--

SELECT pg_catalog.setval('cat_preguntas_idpregunta_seq', 1, false);


--
-- Name: cat_preguntas_seq; Type: SEQUENCE SET; Schema: forapi; Owner: inicio
--

SELECT pg_catalog.setval('cat_preguntas_seq', 100, false);


--
-- Data for Name: cat_usuarios; Type: TABLE DATA; Schema: forapi; Owner: postgres
--

COPY cat_usuarios (usename, nombre, apepat, apemat, puesto, depto, correoe, direccion_ip, fecha_alta, fecha_modifico, usuario_alta, usuario_modifico, idpregunta, respuesta, estatus, telefono, direccion, atl, id_direccion, id_persona, password, id_puesto, id_tipomenu, menu, id_modulo, rfc, llaveprivada, llavepublica, numerotel, imagen) FROM stdin;
inicio         	inicio	\N	\N	\N	\N	\N	\N	2019-10-12 14:53:07-06	2019-10-12 15:16:17.631751-06	inicio	inicio	0	\N	1	\N	\N	\N	\N	\N	inicio	\N	1	17	0				\N	\N
usuario20      	JOSE	VASQUEZ	BARBOSA	\N	\N	\N	\N	2019-10-16 08:13:25-06	2019-10-16 08:13:25-06	temporal	temporal	0	\N	0	\N	\N	\N	\N	\N	888aDantryR	\N	1	\N	0				565672416	\N
usuario21      	JOSE	VASQUEZ	BARBOSA	\N	\N	\N	\N	2019-10-16 08:17:22-06	2019-10-16 08:17:22-06	temporal	temporal	0	\N	0	\N	\N	\N	\N	\N	888aDantryR	\N	1	\N	0				565672416	\N
usuario80      	JOSE	VASQUEZ	BARBOSA	\N	\N	\N	\N	2019-10-16 12:46:49-06	2019-10-16 12:46:49-06	temporal	temporal	0	\N	0	\N	\N	\N	\N	\N	888aDantryR	\N	1	\N	0				56572416	\N
usuario81      	JOSE	LUIS	VASQUEZ	\N	\N	\N	\N	2019-10-16 15:49:04-06	2019-10-16 15:49:04-06	temporal	temporal	0	\N	0	\N	\N	\N	\N	\N	888aDantryR	\N	1	\N	0				5556572416	\N
usuario10      	JOSE	VASQ	BAR	\N	\N	\N	\N	2019-10-20 07:33:01-06	2019-10-20 07:33:01-06	temporal	temporal	0	\N	0	\N	\N	\N	\N	\N	888aDantryR	\N	1	\N	0				5556572416	\N
usuario11      	JOSE	VASQUEZ	BARBOSA	\N	\N	\N	\N	2019-10-20 07:41:22-06	2019-10-20 07:41:22-06	temporal	temporal	0	\N	0	\N	\N	\N	\N	\N	888aDantryR	\N	1	\N	0				5556572416	\N
usuario15      	JOSE	VASQUEZ	BARBOSA	\N	\N	\N	\N	2019-10-20 07:44:48-06	2019-10-20 07:44:48-06	temporal	temporal	0	\N	0	\N	\N	\N	\N	\N	888aDantryR	\N	1	\N	0				5556572416	\N
inicio5        	JOSE	LUIS	VASQUEZ	\N	\N	\N	\N	2019-10-20 07:54:23-06	2019-10-20 07:54:23-06	temporal	temporal	0	\N	0	\N	\N	\N	\N	\N	888aDantryR	\N	1	\N	0				5556572416	\N
usuario4       	JOSE	VAS	BARBOSA	\N	\N	\N	\N	2019-10-20 07:56:51-06	2019-10-20 07:56:51-06	temporal	temporal	0	\N	0	\N	\N	\N	\N	\N	888aDantryR	\N	1	\N	0				5556572416	\N
inicio78       	JOSE	LUIS	\N	\N	\N	\N	\N	2019-10-20 14:02:34-06	2019-10-20 14:02:34-06	temporal	temporal	0	\N	0	\N	\N	\N	\N	\N	888aDantryR	\N	1	\N	0				5556572416	\\x31342e786c7378
\.


--
-- Data for Name: cat_usuarios_pg_group; Type: TABLE DATA; Schema: forapi; Owner: postgres
--

COPY cat_usuarios_pg_group (usename, grosysid, fecha_alta, fecha_modifico, usuario_alta, usuario_modifico, groname) FROM stdin;
inicio         	\N	2019-10-12 14:53:07-06	2019-10-12 14:53:07-06	inicio	inicio	admon
temporal1      	\N	2019-10-12 14:53:07-06	2019-10-12 14:53:07-06	inicio	inicio	temporalg
forapi         	\N	2019-10-27 15:35:24-06	2019-10-27 15:35:24-06	inicio	inicio	accesosistema
forapi         	\N	2019-10-27 15:35:53-06	2019-10-27 15:35:53-06	inicio	inicio	accesosistema
forapi         	\N	2019-10-27 15:36:50-06	2019-10-27 15:36:50-06	inicio	inicio	accesosistema
\.


--
-- Data for Name: estados_usuarios; Type: TABLE DATA; Schema: forapi; Owner: postgres
--

COPY estados_usuarios (estado, descripcion) FROM stdin;
\.


--
-- Data for Name: eventos; Type: TABLE DATA; Schema: forapi; Owner: postgres
--

COPY eventos (idevento, descripcion, fecha_alta, usuario_alta, fecha_modifico, usuario_modifico) FROM stdin;
\.


--
-- Name: eventos_idevento_seq; Type: SEQUENCE SET; Schema: forapi; Owner: postgres
--

SELECT pg_catalog.setval('eventos_idevento_seq', 1, false);


--
-- Data for Name: his_cambios_pwd; Type: TABLE DATA; Schema: forapi; Owner: postgres
--

COPY his_cambios_pwd (usename, valor_anterior, valor_nuevo, usuario_alta, fecha_alta, hora_alta) FROM stdin;
\.


--
-- Data for Name: his_cat_usuarios; Type: TABLE DATA; Schema: forapi; Owner: postgres
--

COPY his_cat_usuarios (idcambio, usename, nombre, apepat, apemat, puesto, depto, correoe, direccion_ip, fecha_alta, fecha_modifico, idpregunta, respuesta, estatus, telefono, cve_movto, id_personas, atl, id_puesto, usuario_alta, usuario_modifico) FROM stdin;
2	inicio         	inicio	\N	\N	\N	\N	\N	\N	2019-10-12 14:53:07-06	2019-10-12 14:53:07-06	0	\N	0	\N	a	\N	\N	\N	inicio	inicio
3	inicio         	inicio	\N	\N	\N	\N	\N	\N	2019-10-12 14:53:07-06	2019-10-12 14:53:07-06	0	\N	1	\N	c	\N	\N	\N	inicio	inicio
4	inicio         	inicio	\N	\N	\N	\N	\N	\N	2019-10-12 15:14:41-06	2019-10-12 15:14:41-06	0	\N	1	\N	c	\N	\N	\N	inicio	inicio
5	inicio         	inicio	\N	\N	\N	\N	\N	\N	2019-10-12 15:16:15-06	2019-10-12 15:16:15-06	0	\N	1	\N	c	\N	\N	\N	inicio	inicio
6	inicio         	inicio	\N	\N	\N	\N	\N	\N	2019-10-12 15:16:18-06	2019-10-12 15:16:18-06	0	\N	1	\N	c	\N	\N	\N	inicio	inicio
7	usuario2       	NOMBRE	PATERNO	MATERNO	\N	\N	\N	\N	2019-10-15 19:57:43-06	2019-10-15 19:57:43-06	0	\N	0	\N	a	\N	\N	\N	temporal	temporal
8	usuario3       	NOMBRE	PATERNO	MATERNO	\N	\N	\N	\N	2019-10-15 20:07:58-06	2019-10-15 20:07:58-06	0	\N	0	\N	a	\N	\N	\N	temporal	temporal
9	usuario4       	NOMBRE	PATERNO	MATERNO	\N	\N	\N	\N	2019-10-15 20:12:57-06	2019-10-15 20:12:57-06	0	\N	0	\N	a	\N	\N	\N	temporal	temporal
10	usuario5       	NOMBRE	PATERNO	MATERNO	\N	\N	\N	\N	2019-10-15 20:19:08-06	2019-10-15 20:19:08-06	0	\N	0	\N	a	\N	\N	\N	temporal	temporal
11	usuario6       	NOMBRE	PATERNO	MATERNO	\N	\N	\N	\N	2019-10-15 20:19:52-06	2019-10-15 20:19:52-06	0	\N	0	\N	a	\N	\N	\N	temporal	temporal
12	usuario7       	NOMBRE	PATERNO	MATERNO	\N	\N	\N	\N	2019-10-15 20:29:35-06	2019-10-15 20:29:35-06	0	\N	0	\N	a	\N	\N	\N	temporal	temporal
13	usuario8       	NOMBRE	PATERNO	MATERNO	\N	\N	\N	\N	2019-10-15 20:33:14-06	2019-10-15 20:33:14-06	0	\N	0	\N	a	\N	\N	\N	temporal	temporal
14	usuario9       	NOMBRE	PATERNO	MATERNO	\N	\N	\N	\N	2019-10-15 20:33:49-06	2019-10-15 20:33:49-06	0	\N	0	\N	a	\N	\N	\N	temporal	temporal
15	usuario10      	NOMBRE	PATERNO	MATERNO	\N	\N	\N	\N	2019-10-15 20:35:46-06	2019-10-15 20:35:46-06	0	\N	0	\N	a	\N	\N	\N	temporal	temporal
16	usuario30      	NOMBRE	PATERNO	MATERNO	\N	\N	\N	\N	2019-10-15 20:37:16-06	2019-10-15 20:37:16-06	0	\N	0	\N	a	\N	\N	\N	temporal	temporal
17	usuario40      	NOMBRE	PATERNO	MATERNO	\N	\N	\N	\N	2019-10-15 20:40:09-06	2019-10-15 20:40:09-06	0	\N	0	\N	a	\N	\N	\N	temporal	temporal
18	usuario41      	NOMBRE	PATERNO	MATERNO	\N	\N	\N	\N	2019-10-15 20:40:50-06	2019-10-15 20:40:50-06	0	\N	0	\N	a	\N	\N	\N	temporal	temporal
19	usuario35      	NOMBRE	PATERNO	MATERNO	\N	\N	\N	\N	2019-10-15 20:45:47-06	2019-10-15 20:45:47-06	0	\N	0	\N	a	\N	\N	\N	temporal	temporal
20	usuario20      	JOSE	VASQUEZ	BARBOSA	\N	\N	\N	\N	2019-10-16 08:13:25-06	2019-10-16 08:13:25-06	0	\N	0	\N	a	\N	\N	\N	temporal	temporal
21	usuario21      	JOSE	VASQUEZ	BARBOSA	\N	\N	\N	\N	2019-10-16 08:17:22-06	2019-10-16 08:17:22-06	0	\N	0	\N	a	\N	\N	\N	temporal	temporal
22	usuario31      	JOSE LUIS	VASQUEZ	BARBOSA	\N	\N	\N	\N	2019-10-16 08:18:24-06	2019-10-16 08:18:24-06	0	\N	0	\N	a	\N	\N	\N	temporal	temporal
23	unodos         	JOSE	VAS	BARBOSA	\N	\N	\N	\N	2019-10-16 08:20:27-06	2019-10-16 08:20:27-06	0	\N	0	\N	a	\N	\N	\N	temporal	temporal
24	usuario1       	JOSE	VASQUEZ	BARBOSA	\N	\N	\N	\N	2019-10-16 08:23:40-06	2019-10-16 08:23:40-06	0	\N	0	\N	a	\N	\N	\N	temporal	temporal
25	usuario45      	NOMBRE	PATERNO	MATERNO	\N	\N	\N	\N	2019-10-16 12:43:04-06	2019-10-16 12:43:04-06	0	\N	0	\N	a	\N	\N	\N	temporal	temporal
26	usuario46      	NOMBRE	PATERNO	MATERNO	\N	\N	\N	\N	2019-10-16 12:44:45-06	2019-10-16 12:44:45-06	0	\N	0	\N	a	\N	\N	\N	temporal	temporal
27	usuario80      	JOSE	VASQUEZ	BARBOSA	\N	\N	\N	\N	2019-10-16 12:46:49-06	2019-10-16 12:46:49-06	0	\N	0	\N	a	\N	\N	\N	temporal	temporal
28	usuario85      	NOMBRE	PATERNO	MATERNO	\N	\N	\N	\N	2019-10-16 12:48:30-06	2019-10-16 12:48:30-06	0	\N	0	\N	a	\N	\N	\N	temporal	temporal
29	usuario99      	NOMBRE	PATERNO	MATERNO	\N	\N	\N	\N	2019-10-16 12:49:51-06	2019-10-16 12:49:51-06	0	\N	0	\N	a	\N	\N	\N	temporal	temporal
30	usuario88      	NOMBRE	PATERNO	MATERNO	\N	\N	\N	\N	2019-10-16 12:51:32-06	2019-10-16 12:51:32-06	0	\N	0	\N	a	\N	\N	\N	temporal	temporal
31	usuario50      	NOMBRE	PATERNO	MATERNO	\N	\N	\N	\N	2019-10-16 12:56:09-06	2019-10-16 12:56:09-06	0	\N	0	\N	a	\N	\N	\N	temporal	temporal
32	usuario49      	NOMBRE	PATERNO	MATERNO	\N	\N	\N	\N	2019-10-16 12:58:46-06	2019-10-16 12:58:46-06	0	\N	0	\N	a	\N	\N	\N	temporal	temporal
33	usuario48      	NOMBRE	PATERNO	MATERNO	\N	\N	\N	\N	2019-10-16 13:08:16-06	2019-10-16 13:08:16-06	0	\N	0	\N	a	\N	\N	\N	temporal	temporal
34	usuario70      	NOMBRE	PATERNO	MATERNO	\N	\N	\N	\N	2019-10-16 13:10:55-06	2019-10-16 13:10:55-06	0	\N	0	\N	a	\N	\N	\N	temporal	temporal
35	usuario60      	NOMBRE	PATERNO	MATERNO	\N	\N	\N	\N	2019-10-16 13:47:57-06	2019-10-16 13:47:57-06	0	\N	0	\N	a	\N	\N	\N	temporal	temporal
36	usuario81      	JOSE	LUIS	VASQUEZ	\N	\N	\N	\N	2019-10-16 15:49:04-06	2019-10-16 15:49:04-06	0	\N	0	\N	a	\N	\N	\N	temporal	temporal
41	unodos         	JOSE	VAS	BARBOSA	\N	\N	\N	\N	2019-10-17 11:52:10-06	2019-10-17 11:52:10-06	0	\N	0	\N	b	\N	\N	\N	inicio	inicio
42	usuario1       	JOSE	VASQUEZ	BARBOSA	\N	\N	\N	\N	2019-10-17 11:54:33-06	2019-10-17 11:54:33-06	0	\N	0	\N	b	\N	\N	\N	inicio	inicio
43	usuario10      	NOMBRE	PATERNO	MATERNO	\N	\N	\N	\N	2019-10-17 11:56:57-06	2019-10-17 11:56:57-06	0	\N	0	\N	b	\N	\N	\N	inicio	inicio
44	usuario8       	NOMBRE	PATERNO	MATERNO	\N	\N	\N	\N	2019-10-17 11:57:34-06	2019-10-17 11:57:34-06	0	\N	0	\N	b	\N	\N	\N	inicio	inicio
45	usuario40      	NOMBRE	PATERNO	MATERNO	\N	\N	\N	\N	2019-10-17 11:59:47-06	2019-10-17 11:59:47-06	0	\N	0	\N	b	\N	\N	\N	inicio	inicio
46	usuario31      	JOSE LUIS	VASQUEZ	BARBOSA	\N	\N	\N	\N	2019-10-17 12:01:13-06	2019-10-17 12:01:13-06	0	\N	0	\N	b	\N	\N	\N	inicio	inicio
47	usuario41      	NOMBRE	PATERNO	MATERNO	\N	\N	\N	\N	2019-10-17 12:03:59-06	2019-10-17 12:03:59-06	0	\N	0	\N	b	\N	\N	\N	inicio	inicio
48	usuario30      	NOMBRE	PATERNO	MATERNO	\N	\N	\N	\N	2019-10-17 12:07:54-06	2019-10-17 12:07:54-06	0	\N	0	\N	b	\N	\N	\N	inicio	inicio
49	usuario45      	NOMBRE	PATERNO	MATERNO	\N	\N	\N	\N	2019-10-17 12:14:21-06	2019-10-17 12:14:21-06	0	\N	0	\N	b	\N	\N	\N	inicio	inicio
50	usuario70      	NOMBRE	PATERNO	MATERNO	\N	\N	\N	\N	2019-10-17 12:17:18-06	2019-10-17 12:17:18-06	0	\N	0	\N	b	\N	\N	\N	inicio	inicio
51	usuario5       	NOMBRE	PATERNO	MATERNO	\N	\N	\N	\N	2019-10-17 13:16:14-06	2019-10-17 13:16:14-06	0	\N	0	\N	b	\N	\N	\N	inicio	inicio
52	usuario6       	NOMBRE	PATERNO	MATERNO	\N	\N	\N	\N	2019-10-17 13:17:49-06	2019-10-17 13:17:49-06	0	\N	0	\N	b	\N	\N	\N	inicio	inicio
53	usuario7       	NOMBRE	PATERNO	MATERNO	\N	\N	\N	\N	2019-10-17 14:20:02-06	2019-10-17 14:20:02-06	0	\N	0	\N	b	\N	\N	\N	inicio	inicio
54	usuario4       	NOMBRE	PATERNO	MATERNO	\N	\N	\N	\N	2019-10-17 14:20:23-06	2019-10-17 14:20:23-06	0	\N	0	\N	b	\N	\N	\N	inicio	inicio
55	usuario35      	NOMBRE	PATERNO	MATERNO	\N	\N	\N	\N	2019-10-17 14:29:28-06	2019-10-17 14:29:28-06	0	\N	0	\N	b	\N	\N	\N	inicio	inicio
56	usuario48      	NOMBRE	PATERNO	MATERNO	\N	\N	\N	\N	2019-10-17 14:40:29-06	2019-10-17 14:40:29-06	0	\N	0	\N	b	\N	\N	\N	inicio	inicio
57	usuario49      	NOMBRE	PATERNO	MATERNO	\N	\N	\N	\N	2019-10-17 14:42:05-06	2019-10-17 14:42:05-06	0	\N	0	\N	b	\N	\N	\N	inicio	inicio
58	usuario50      	NOMBRE	PATERNO	MATERNO	\N	\N	\N	\N	2019-10-17 17:17:01-06	2019-10-17 17:17:01-06	0	\N	0	\N	b	\N	\N	\N	inicio	inicio
59	usuario9       	NOMBRE	PATERNO	MATERNO	\N	\N	\N	\N	2019-10-17 17:17:45-06	2019-10-17 17:17:45-06	0	\N	0	\N	b	\N	\N	\N	inicio	inicio
60	usuario60      	NOMBRE	PATERNO	MATERNO	\N	\N	\N	\N	2019-10-18 11:01:55-06	2019-10-18 11:01:55-06	0	\N	0	\N	b	\N	\N	\N	inicio	inicio
61	usuario88      	NOMBRE	PATERNO	MATERNO	\N	\N	\N	\N	2019-10-18 11:08:28-06	2019-10-18 11:08:28-06	0	\N	0	\N	b	\N	\N	\N	inicio	inicio
62	usuario99      	NOMBRE	PATERNO	MATERNO	\N	\N	\N	\N	2019-10-18 11:09:03-06	2019-10-18 11:09:03-06	0	\N	0	\N	b	\N	\N	\N	inicio	inicio
63	usuario3       	NOMBRE	PATERNO	MATERNO	\N	\N	\N	\N	2019-10-18 11:11:36-06	2019-10-18 11:11:36-06	0	\N	0	\N	b	\N	\N	\N	inicio	inicio
64	usuario2       	NOMBRE	PATERNO	MATERNO	\N	\N	\N	\N	2019-10-18 11:12:42-06	2019-10-18 11:12:42-06	0	\N	0	\N	b	\N	\N	\N	inicio	inicio
65	usuario46      	NOMBRE	PATERNO	MATERNO	\N	\N	\N	\N	2019-10-18 11:14:34-06	2019-10-18 11:14:34-06	0	\N	0	\N	b	\N	\N	\N	inicio	inicio
66	usuario85      	NOMBRE	PATERNO	MATERNO	\N	\N	\N	\N	2019-10-18 11:15:08-06	2019-10-18 11:15:08-06	0	\N	0	\N	b	\N	\N	\N	inicio	inicio
67	usuario10      	JOSE	VASQ	BAR	\N	\N	\N	\N	2019-10-20 07:33:01-06	2019-10-20 07:33:01-06	0	\N	0	\N	a	\N	\N	\N	temporal	temporal
68	usuario11      	JOSE	VASQUEZ	BARBOSA	\N	\N	\N	\N	2019-10-20 07:41:22-06	2019-10-20 07:41:22-06	0	\N	0	\N	a	\N	\N	\N	temporal	temporal
69	usuario15      	JOSE	VASQUEZ	BARBOSA	\N	\N	\N	\N	2019-10-20 07:44:48-06	2019-10-20 07:44:48-06	0	\N	0	\N	a	\N	\N	\N	temporal	temporal
70	inicio5        	JOSE	LUIS	VASQUEZ	\N	\N	\N	\N	2019-10-20 07:54:23-06	2019-10-20 07:54:23-06	0	\N	0	\N	a	\N	\N	\N	temporal	temporal
71	usuario4       	JOSE	VAS	BARBOSA	\N	\N	\N	\N	2019-10-20 07:56:51-06	2019-10-20 07:56:51-06	0	\N	0	\N	a	\N	\N	\N	temporal	temporal
72	inicio78       	JOSE	LUIS	\N	\N	\N	\N	\N	2019-10-20 14:02:34-06	2019-10-20 14:02:34-06	0	\N	0	\N	a	\N	\N	\N	temporal	temporal
\.


--
-- Name: his_cat_usuarios_idcambio_seq; Type: SEQUENCE SET; Schema: forapi; Owner: postgres
--

SELECT pg_catalog.setval('his_cat_usuarios_idcambio_seq', 72, true);


--
-- Data for Name: his_cat_usuarios_pg_group; Type: TABLE DATA; Schema: forapi; Owner: postgres
--

COPY his_cat_usuarios_pg_group (idcambio, usename, grosysid, fecha_alta, usuario_alta, cve_movto) FROM stdin;
1	Temporal1      	\N	2019-10-12 14:53:07-06	inicio	a
2	inicio         	\N	2019-10-12 14:53:07-06	inicio	a
3	forapi         	\N	2019-10-27 15:35:24-06	inicio	a
4	forapi         	\N	2019-10-27 15:35:53-06	inicio	a
5	forapi         	\N	2019-10-27 15:36:50-06	inicio	a
\.


--
-- Name: his_cat_usuarios_pg_group_idcambio_seq; Type: SEQUENCE SET; Schema: forapi; Owner: postgres
--

SELECT pg_catalog.setval('his_cat_usuarios_pg_group_idcambio_seq', 5, true);


--
-- Name: his_cat_usuarios_seq; Type: SEQUENCE SET; Schema: forapi; Owner: postgres
--

SELECT pg_catalog.setval('his_cat_usuarios_seq', 1, false);


--
-- Data for Name: his_menus; Type: TABLE DATA; Schema: forapi; Owner: postgres
--

COPY his_menus (idmenu, descripcion, objeto, fecha_alta, usuario_alta, fecha_modifico, usuario_modifico, php, modoconsulta, idmenupadre, idmovtos, movtos, fuente, presentacion, columnas, tabla, reltype, filtro, limite, orden, menus_campos, dialogwidth, dialogheight, s_table, s_table_height, cvemovto, fecha_movto, usuario_movto, nspname) FROM stdin;
22	AG 60 Consultas efectuadas por internet del estatus de trámites		2019-10-12 14:53:07-06	inicio	2019-10-12 14:53:07-06	inicio	man_menus.php	0	0	0	s,l,a,ex		2	1	menus_log	126296	idmenu=2396	50	fecha_alta desc	0	0	0	0	300	d	2019-10-12 15:04:31-06	inicio	\N
17	Mtto a usuarios		2019-10-12 14:53:07-06	inicio	2019-10-12 14:53:07-06	inicio	man_menus.php	0	10	0	u,s,l,p,d,a,ex		2	1	cat_usuarios	126000		50	nombre	0	0	0	0	300	u	2019-10-17 10:32:05-06	inicio	forapi
17	Mtto a usuarios		2019-10-12 14:53:07-06	inicio	2019-10-17 10:32:05-06	inicio	man_menus.php	0	10	0	u,s,l,p,d,a,ex		2	1	cat_usuarios	126000		50	nombre	0	0	0	0	300	u	2019-10-17 10:41:27-06	inicio	forapi
17	Mtto a usuarios		2019-10-12 14:53:07-06	inicio	2019-10-17 10:41:27-06	inicio	man_menus.php	0	10	0	u,s,l,p,d,a,ex		2	1	cat_usuarios	126000		50	nombre	0	0	0	0	300	u	2019-10-19 08:34:03-06	inicio	forapi
17	Mtto a usuarios		2019-10-12 14:53:07-06	inicio	2019-10-19 08:34:03-06	inicio	man_menus.php	0	10	0	u,s,l,d,a,ex		2	1	cat_usuarios	126000		50	nombre	0	0	0	0	300	u	2019-10-19 08:39:11-06	inicio	forapi
9	Bienvenido		2019-10-12 14:53:07-06	inicio	2019-10-12 14:53:07-06	inicio		0	0	0	l,e,A		2	1	cat_usuarios	126000	usuario_alta is null	100		0	500	0	0	300	u	2019-10-19 09:57:51-06	inicio	forapi
9	Bienvenido		2019-10-12 14:53:07-06	inicio	2019-10-19 09:57:51-06	inicio		0	0	0	l,e,A		2	1	cat_usuarios	126000	usuario_alta is null	100		0	500	0	0	300	u	2019-10-19 09:59:55-06	inicio	forapi
17	Mtto a usuarios		2019-10-12 14:53:07-06	inicio	2019-10-19 08:39:11-06	inicio	man_menus.php	0	10	0	u,s,l,d,a,ex		2	2	cat_usuarios	126000		50	nombre	0	0	0	0	300	u	2019-10-19 10:09:03-06	inicio	forapi
17	Mtto a usuarios		2019-10-12 14:53:07-06	inicio	2019-10-19 10:09:03-06	inicio	man_menus.php	0	10	0	u,s,l,d,a,ex		2	2	cat_usuarios	126000		50	nombre	0	60	0	0	300	u	2019-10-19 10:11:26-06	inicio	forapi
17	Mtto a usuarios		2019-10-12 14:53:07-06	inicio	2019-10-19 10:11:26-06	inicio	man_menus.php	0	10	0	u,s,l,d,a,ex		2	2	cat_usuarios	126000		50	nombre	0	60	0	0	300	u	2019-10-19 10:12:57-06	inicio	forapi
14	Mtto a menus		2019-10-12 14:53:07-06	inicio	2019-10-12 14:53:07-06	inicio	man_menus.php	0	10	0	i,d,u,s,l,cc,ex,a	select id_voluntario,no_cred_elect, nombre, apepat, apemat, domicilio, no_ext, id_entidad from cat_voluntarios 	2	1	menus	126182		100	fecha_alta desc	0	0	0	0	300	u	2019-10-19 10:26:52-06	inicio	forapi
14	Mtto a menus		2019-10-12 14:53:07-06	inicio	2019-10-19 10:26:52-06	inicio	man_menus.php	0	10	0	i,d,u,s,l,cc,ex,a	select id_voluntario,no_cred_elect, nombre, apepat, apemat, domicilio, no_ext, id_entidad from cat_voluntarios 	2	1	menus	126182		100	fecha_alta desc	0	0	0	0	300	u	2019-10-19 10:27:22-06	inicio	forapi
14	Mtto a menus		2019-10-12 14:53:07-06	inicio	2019-10-19 10:27:22-06	inicio	man_menus.php	0	10	0	i,d,u,s,l,cc,ex,a	select id_voluntario,no_cred_elect, nombre, apepat, apemat, domicilio, no_ext, id_entidad from cat_voluntarios 	2	1	menus	126182		100	fecha_alta desc	0	0	0	0	300	u	2019-10-19 10:27:41-06	inicio	forapi
14	Mtto a menus		2019-10-12 14:53:07-06	inicio	2019-10-19 10:27:41-06	inicio	man_menus.php	0	10	0	i,d,u,s,l,cc,ex,a	select id_voluntario,no_cred_elect, nombre, apepat, apemat, domicilio, no_ext, id_entidad from cat_voluntarios 	2	2	menus	126182		100	fecha_alta desc	0	0	0	0	300	u	2019-10-19 10:28:32-06	inicio	forapi
9	Bienvenido		2019-10-12 14:53:07-06	inicio	2019-10-19 09:59:55-06	inicio		0	0	0	l,e,A		2	1	cat_usuarios	126000	usuario_alta is null	100		0	500	0	0	300	u	2019-10-19 10:43:10-06	inicio	forapi
9	Bienvenido		2019-10-12 14:53:07-06	inicio	2019-10-19 10:43:10-06	inicio		0	0	0	l,e,A		2	1	cat_usuarios	126000	usuario_alta is null	100		0	500	0	0	300	u	2019-10-19 10:51:38-06	inicio	forapi
18	Autorizacion de registro		2019-10-12 14:53:07-06	inicio	2019-10-12 14:53:07-06	inicio	man_menus.php	0	10	0	s,u,l,a		2	1	cat_usuarios	126000	estatus=0	100	fecha_alta desc	0	0	0	0	300	u	2019-10-19 11:01:04-06	inicio	forapi
16	Mtto a grupos Copia		2019-10-12 14:53:07-06	inicio	2019-10-12 14:53:07-06	inicio	man_menus.php	0	10	0	i,d,u,s,a,l		2	2	pg_authid	2842	rolcanlogin=false	100	rolname	0	0	0	0	300	u	2019-10-19 11:13:46-06	inicio	pg_catalog
18	Autorizacion de registro		2019-10-12 14:53:07-06	inicio	2019-10-19 11:01:04-06	inicio	man_menus.php	0	10	0	s,u,l,a		2	1	cat_usuarios	126000	estatus=0	100	fecha_alta desc	0	0	0	0	300	u	2019-10-19 14:06:47-06	inicio	forapi
18	Autorizacion de registro		2019-10-12 14:53:07-06	inicio	2019-10-19 14:06:47-06	inicio	man_menus.php	0	10	0	s,u,l,a		2	2	cat_usuarios	126000	estatus=0	100	fecha_alta desc	0	0	0	0	300	u	2019-10-19 14:07:51-06	inicio	forapi
13	Reingenieria		2019-10-12 14:53:07-06	inicio	2019-10-12 14:53:07-06	inicio	man_menus.php	0	10	0	s,i,a,l		2	2	tablas	126401		100	relname	0	0	0	0	300	u	2019-10-19 15:03:10-06	inicio	forapi
13	Reingenieria		2019-10-12 14:53:07-06	inicio	2019-10-19 15:03:10-06	inicio	man_menus.php	0	10	0	s,i,a,l		2	2	tablas	126401		100	relname	0	0	0	0	300	u	2019-10-19 15:03:30-06	inicio	forapi
19	Registro Nuevo Usuario		2019-10-12 14:53:07-06	inicio	2019-10-12 14:53:07-06	inicio	man_menus.php	0	0	0	i,a		2	1	cat_usuarios	126000	usename is null	100	usename	0	0	0	0	300	u	2019-10-19 15:12:41-06	inicio	forapi
19	Registro Nuevo Usuario		2019-10-12 14:53:07-06	inicio	2019-10-19 15:12:41-06	inicio	man_menus.php	0	0	0	i,a		2	1	cat_usuarios	126000	usename is null	100	usename	0	0	0	0	300	u	2019-10-19 15:13:37-06	inicio	forapi
14	Mtto a menus		2019-10-12 14:53:07-06	inicio	2019-10-19 10:28:32-06	inicio	man_menus.php	0	10	0	i,d,u,s,l,cc,ex,a	select id_voluntario,no_cred_elect, nombre, apepat, apemat, domicilio, no_ext, id_entidad from cat_voluntarios 	2	2	menus	126182		100	fecha_alta desc	0	0	0	0	300	u	2019-10-19 17:43:43-06	inicio	forapi
14	Mtto a menus		2019-10-12 14:53:07-06	inicio	2019-10-19 17:43:43-06	inicio	man_menus.php	0	10	0	i,d,u,s,l,cc,ex,a	select id_voluntario,no_cred_elect, nombre, apepat, apemat, domicilio, no_ext, id_entidad from cat_voluntarios 	2	1	menus	126182		100	fecha_alta desc	0	0	0	0	300	u	2019-10-19 17:47:01-06	inicio	forapi
14	Mtto a menus		2019-10-12 14:53:07-06	inicio	2019-10-19 17:47:01-06	inicio	man_menus.php	0	10	0	i,d,u,s,l,cc,ex,a	select id_voluntario,no_cred_elect, nombre, apepat, apemat, domicilio, no_ext, id_entidad from cat_voluntarios 	2	2	menus	126182		100	fecha_alta desc	0	0	0	0	300	u	2019-10-19 17:49:12-06	inicio	forapi
14	Mtto a menus		2019-10-12 14:53:07-06	inicio	2019-10-19 17:49:12-06	inicio	man_menus.php	0	10	0	i,d,u,s,l,cc,ex,a	select id_voluntario,no_cred_elect, nombre, apepat, apemat, domicilio, no_ext, id_entidad from cat_voluntarios 	2	1	menus	126182		100	fecha_alta desc	0	0	0	0	300	u	2019-10-19 17:49:45-06	inicio	forapi
14	Mtto a menus		2019-10-12 14:53:07-06	inicio	2019-10-19 17:49:45-06	inicio	man_menus.php	0	10	0	i,d,u,s,l,cc,ex,a	select id_voluntario,no_cred_elect, nombre, apepat, apemat, domicilio, no_ext, id_entidad from cat_voluntarios 	2	3	menus	126182		100	fecha_alta desc	0	0	0	0	300	u	2019-10-19 17:51:58-06	inicio	forapi
14	Mtto a menus		2019-10-12 14:53:07-06	inicio	2019-10-19 17:51:58-06	inicio	man_menus.php	0	10	0	i,d,u,s,l,cc,ex,a	select id_voluntario,no_cred_elect, nombre, apepat, apemat, domicilio, no_ext, id_entidad from cat_voluntarios 	2	2	menus	126182		100	fecha_alta desc	0	0	0	0	300	u	2019-10-19 17:52:27-06	inicio	forapi
14	Mtto a menus		2019-10-12 14:53:07-06	inicio	2019-10-19 17:52:27-06	inicio	man_menus.php	0	10	0	i,d,u,s,l,cc,ex,a	select id_voluntario,no_cred_elect, nombre, apepat, apemat, domicilio, no_ext, id_entidad from cat_voluntarios 	2	3	menus	126182		100	fecha_alta desc	0	0	0	0	300	u	2019-10-19 18:02:16-06	inicio	forapi
14	Mtto a menus		2019-10-12 14:53:07-06	inicio	2019-10-19 18:02:16-06	inicio	man_menus.php	0	10	0	i,d,u,s,l,cc,ex,a	select id_voluntario,no_cred_elect, nombre, apepat, apemat, domicilio, no_ext, id_entidad from cat_voluntarios 	2	2	menus	126182		100	fecha_alta desc	0	0	0	0	300	u	2019-10-19 18:04:18-06	inicio	forapi
14	Mtto a menus		2019-10-12 14:53:07-06	inicio	2019-10-19 18:04:18-06	inicio	man_menus.php	0	10	0	i,d,u,s,l,cc,ex,a	select id_voluntario,no_cred_elect, nombre, apepat, apemat, domicilio, no_ext, id_entidad from cat_voluntarios 	2	3	menus	126182		100	fecha_alta desc	0	0	0	0	300	u	2019-10-19 18:05:47-06	inicio	forapi
14	Mtto a menus		2019-10-12 14:53:07-06	inicio	2019-10-19 18:05:47-06	inicio	man_menus.php	0	10	0	i,d,u,s,l,cc,ex,a	select id_voluntario,no_cred_elect, nombre, apepat, apemat, domicilio, no_ext, id_entidad from cat_voluntarios 	2	3	menus	126182		100	fecha_alta desc	0	0	0	0	300	u	2019-10-19 18:06:10-06	inicio	forapi
14	Mtto a menus		2019-10-12 14:53:07-06	inicio	2019-10-19 18:06:10-06	inicio	man_menus.php	0	10	0	i,d,u,s,l,cc,ex,a	select id_voluntario,no_cred_elect, nombre, apepat, apemat, domicilio, no_ext, id_entidad from cat_voluntarios 	2	2	menus	126182		100	fecha_alta desc	0	0	0	0	300	u	2019-10-19 18:11:19-06	inicio	forapi
14	Mtto a menus		2019-10-12 14:53:07-06	inicio	2019-10-19 18:11:19-06	inicio	man_menus.php	0	10	0	i,d,u,s,l,cc,ex,a	select id_voluntario,no_cred_elect, nombre, apepat, apemat, domicilio, no_ext, id_entidad from cat_voluntarios 	2	3	menus	126182		100	fecha_alta desc	0	0	0	0	300	u	2019-10-19 18:16:00-06	inicio	forapi
14	Mtto a menus		2019-10-12 14:53:07-06	inicio	2019-10-19 18:16:00-06	inicio	man_menus.php	0	10	0	i,d,u,s,l,cc,ex,a	select id_voluntario,no_cred_elect, nombre, apepat, apemat, domicilio, no_ext, id_entidad from cat_voluntarios 	2	3	menus	126182		100	fecha_alta desc	0	0	0	0	300	u	2019-10-19 18:46:23-06	inicio	forapi
17	Mtto a usuarios		2019-10-12 14:53:07-06	inicio	2019-10-19 10:12:57-06	inicio	man_menus.php	0	10	0	u,s,l,d,a,ex		2	2	cat_usuarios	126000		50	nombre	0	60	0	0	300	u	2019-10-19 19:02:14-06	inicio	forapi
17	Mtto a usuarios		2019-10-12 14:53:07-06	inicio	2019-10-19 19:02:14-06	inicio	man_menus.php	0	10	0	u,s,l,d,a,ex		2	3	cat_usuarios	126000		50	nombre	0	60	0	0	300	u	2019-10-19 19:02:51-06	inicio	forapi
13	Reingenieria		2019-10-12 14:53:07-06	inicio	2019-10-19 15:03:30-06	inicio	man_menus.php	0	10	0	s,i,a,l		2	2	tablas	126401		100	relname	0	0	0	0	300	u	2019-10-19 19:03:48-06	inicio	forapi
9	Bienvenido		2019-10-12 14:53:07-06	inicio	2019-10-19 10:51:38-06	inicio		0	0	0	l,e,A		2	1	cat_usuarios	126000	usuario_alta is null	100		0	500	0	0	300	u	2019-10-19 19:04:41-06	inicio	forapi
9	Bienvenido		2019-10-12 14:53:07-06	inicio	2019-10-19 19:04:41-06	inicio		0	0	0	l,e,A		2	2	cat_usuarios	126000	usuario_alta is null	100		0	500	0	0	300	u	2019-10-19 19:05:19-06	inicio	forapi
9	Bienvenido		2019-10-12 14:53:07-06	inicio	2019-10-19 19:05:19-06	inicio		0	0	0	l,e,A		2	1	cat_usuarios	126000	usuario_alta is null	100		0	500	0	0	300	u	2019-10-19 19:06:09-06	inicio	forapi
19	Registro Nuevo Usuario		2019-10-12 14:53:07-06	inicio	2019-10-19 15:13:37-06	inicio	man_menus.php	0	0	0	i,a		2	1	cat_usuarios	126000	usename is null	100	usename	0	0	0	0	300	u	2019-10-19 19:07:02-06	inicio	forapi
19	Registro Nuevo Usuario		2019-10-12 14:53:07-06	inicio	2019-10-19 19:07:02-06	inicio	man_menus.php	0	0	0	i,a		2	2	cat_usuarios	126000	usename is null	100	usename	0	0	0	0	300	u	2019-10-19 19:07:54-06	inicio	forapi
18	Autorizacion de registro		2019-10-12 14:53:07-06	inicio	2019-10-19 14:07:51-06	inicio	man_menus.php	0	10	0	s,u,l,a		2	3	cat_usuarios	126000	estatus=0	100	fecha_alta desc	0	0	0	0	300	u	2019-10-19 19:17:47-06	inicio	forapi
18	Autorizacion de registro		2019-10-12 14:53:07-06	inicio	2019-10-19 19:17:47-06	inicio	man_menus.php	0	10	0	s,u,l,a		2	2	cat_usuarios	126000	estatus=0	100	fecha_alta desc	0	0	0	0	300	u	2019-10-19 19:18:18-06	inicio	forapi
18	Autorizacion de registro		2019-10-12 14:53:07-06	inicio	2019-10-19 19:18:18-06	inicio	man_menus.php	0	10	0	s,u,l,a		2	3	cat_usuarios	126000	estatus=0	100	fecha_alta desc	0	0	0	0	300	u	2019-10-19 19:36:11-06	inicio	forapi
31	Reingenieria Copia		2019-10-20 19:38:33-06	inicio	2019-10-20 19:38:33-06	inicio	man_menus.php	0	10	0	s,i,a,l		2	1	tablas	126401		100	relname	0	0	0	0	300	u	2019-10-20 19:39:50-06	inicio	forapi
20	Campos de menus		2019-10-12 14:53:07-06	inicio	2019-10-12 14:53:07-06	inicio	man_menus.php	0	0	0	i,d,u,s,l,a,cc,f		2	1	menus_campos	126222		100	htmltable,orden	0	0	0	0	280	u	2019-10-20 19:41:22-06	inicio	forapi
31	Reingenieria Excel		2019-10-20 19:38:33-06	inicio	2019-10-20 19:39:50-06	inicio	man_menus.php	0	10	0	s,i,a,l		2	1	tablas	126401		100	relname	0	0	0	0	300	u	2019-10-22 07:43:48-06	inicio	forapi
31	Reingenieria Excel		2019-10-20 19:38:33-06	inicio	2019-10-22 07:43:48-06	inicio	man_menus.php	0	10	0	i,a,l		2	1	tablas	126401		100	relname	0	0	0	0	300	u	2019-10-22 07:56:19-06	inicio	forapi
31	Reingenieria Excel		2019-10-20 19:38:33-06	inicio	2019-10-22 07:56:19-06	inicio	man_menus.php	0	10	0	a,l		2	1	tablas	126401		100	relname	0	0	0	0	300	u	2019-10-22 07:57:08-06	inicio	forapi
16	Mtto a grupos Copia		2019-10-12 14:53:07-06	inicio	2019-10-19 11:13:46-06	inicio	man_menus.php	0	10	0	i,d,u,s,a,l		2	2	pg_authid	2842	rolcanlogin=false	100	rolname	0	0	0	0	300	u	2019-10-27 07:53:16-06	inicio	pg_catalog
10	Administracion		2019-10-12 14:53:07-06	inicio	2019-10-12 14:53:07-06	inicio		0	0	0	i,d,u,s		2	2		0		100		0	0	0	0	300	u	2019-10-27 07:57:17-06	inicio	forapi
\.


--
-- Data for Name: his_menus_pg_group; Type: TABLE DATA; Schema: forapi; Owner: postgres
--

COPY his_menus_pg_group (idcambio, idmenu, grosysid, fecha_alta, usuario_alta, cve_movto) FROM stdin;
1	11	\N	2019-10-12 14:53:07-06	inicio	a
2	15	\N	2019-10-12 14:53:07-06	inicio	a
3	18	\N	2019-10-12 14:53:07-06	inicio	a
4	16	\N	2019-10-12 14:53:07-06	inicio	a
5	15	\N	2019-10-12 14:53:07-06	inicio	a
6	21	\N	2019-10-12 14:53:07-06	inicio	a
7	10	\N	2019-10-12 14:53:07-06	inicio	a
8	14	\N	2019-10-12 14:53:07-06	inicio	a
9	16	\N	2019-10-12 14:53:07-06	inicio	a
10	19	\N	2019-10-12 14:53:07-06	inicio	a
11	25	\N	2019-10-12 14:53:07-06	inicio	a
12	13	\N	2019-10-12 14:53:07-06	inicio	a
13	2	\N	2019-10-12 14:53:07-06	inicio	a
14	8	\N	2019-10-12 14:53:07-06	inicio	a
15	17	\N	2019-10-12 14:53:07-06	inicio	a
16	12	\N	2019-10-12 14:53:07-06	inicio	a
17	4	\N	2019-10-12 14:53:07-06	inicio	a
18	23	\N	2019-10-12 14:53:07-06	inicio	a
19	14	\N	2019-10-12 14:53:07-06	inicio	a
20	24	\N	2019-10-12 14:53:07-06	inicio	a
21	18	\N	2019-10-12 14:53:07-06	inicio	a
22	8	\N	2019-10-12 14:53:07-06	inicio	a
23	17	\N	2019-10-12 14:53:07-06	inicio	a
24	10	\N	2019-10-12 14:53:07-06	inicio	a
25	22	\N	2019-10-12 14:53:07-06	inicio	a
26	9	\N	2019-10-12 14:53:07-06	inicio	a
27	13	\N	2019-10-12 14:53:07-06	inicio	a
28	22	\N	2019-10-12 15:04:31-06	inicio	b
29	31	\N	2019-10-20 19:38:33-06	inicio	a
30	31	\N	2019-10-20 19:38:33-06	inicio	a
31	32	\N	2019-10-27 07:50:24-06	inicio	a
32	32	\N	2019-10-27 07:50:24-06	inicio	a
33	32	\N	2019-10-27 07:52:09-06	inicio	b
34	8	\N	2019-10-27 15:39:33-06	inicio	a
\.


--
-- Name: his_menus_pg_group_idcambio_seq; Type: SEQUENCE SET; Schema: forapi; Owner: postgres
--

SELECT pg_catalog.setval('his_menus_pg_group_idcambio_seq', 34, true);


--
-- Name: his_menus_pg_group_seq; Type: SEQUENCE SET; Schema: forapi; Owner: postgres
--

SELECT pg_catalog.setval('his_menus_pg_group_seq', 1, false);


--
-- Data for Name: his_menus_pg_tables; Type: TABLE DATA; Schema: forapi; Owner: postgres
--

COPY his_menus_pg_tables (idcambio, idmenu, tablename, tselect, tinsert, tupdate, tdelete, tall, cve_movto, fecha_alta, usuario_modifico, tgrant) FROM stdin;
1	1	menus_pg_tables	1	1	1	1	0	a	2019-10-12 14:53:07-06	inicio	 
2	2	cat_usuarios	0	0	1	0	0	a	2019-10-12 14:53:07-06	inicio	 
3	3	cat_usuarios_pg_group	1	1	1	1	0	a	2019-10-12 14:53:07-06	inicio	 
4	5	his_cat_usuarios	1	0	0	0	0	a	2019-10-12 14:53:07-06	inicio	 
5	7	menus_eventos	1	1	1	1	0	a	2019-10-12 14:53:07-06	inicio	 
6	12	menus_htmltable	1	1	1	1	0	a	2019-10-12 14:53:07-06	inicio	 
7	13	tablas	1	1	0	0	0	a	2019-10-12 14:53:07-06	inicio	 
8	14	menus	1	1	1	1	0	a	2019-10-12 14:53:07-06	inicio	 
9	16	pg_authid	1	1	1	1	0	a	2019-10-12 14:53:07-06	inicio	 
10	20	menus_campos	1	1	1	1	0	a	2019-10-12 14:53:07-06	inicio	 
11	21	menus_pg_group	1	1	1	1	0	a	2019-10-12 14:53:07-06	inicio	 
12	22	menus_log	1	0	0	0	0	a	2019-10-12 14:53:07-06	inicio	 
13	27	menus_movtos	1	1	1	1	0	a	2019-10-12 14:53:07-06	inicio	 
14	28	menus_seguimiento	1	1	1	1	0	a	2019-10-12 14:53:07-06	inicio	 
15	29	menus_tiempos	1	1	1	1	0	a	2019-10-12 14:53:07-06	inicio	 
16	30	menus_subvistas	1	1	1	1	0	a	2019-10-12 14:53:07-06	inicio	 
17	5	his_cat_usuarios_idcambio_seq	1	0	1	0	0	a	2019-10-12 14:53:07-06	inicio	 
18	22	menus_log_idlog_seq	1	0	1	0	0	a	2019-10-12 14:53:07-06	inicio	 
19	7	menus_eventos_idmenus_eventos_seq	1	0	1	0	0	a	2019-10-12 14:53:07-06	inicio	 
20	30	menus_subvistas_idmenus_subvistas_seq	1	0	1	0	0	a	2019-10-12 14:53:07-06	inicio	 
21	26	menus_log_idlog_seq	1	0	1	0	0	a	2019-10-12 14:53:07-06	inicio	 
22	12	menus_htmltable_idhtmltable_seq	1	0	1	0	0	a	2019-10-12 14:53:07-06	inicio	 
23	28	menus_seguimiento_idseguimietno_seq	1	0	1	0	0	a	2019-10-12 14:53:07-06	inicio	 
24	8	his_cambios_pwd	1	1	 	 	 	a	2019-10-12 14:53:07-06	inicio	 
25	14	pg_authid	1	1	1	1	0	a	2019-10-12 14:53:07-06	inicio	 
26	8	menus_presentacion	1	 	 	 	 	a	2019-10-12 14:53:07-06	inicio	 
27	8	menus_htmltable_idhtmltable_seq	1	 	 	 	 	a	2019-10-12 14:53:07-06	inicio	 
29	18	his_cat_usuarios_pg_group	1	1	 	 	 	a	2019-10-12 14:53:07-06	inicio	 
30	3	pg_group	1	0	0	0	0	a	2019-10-12 14:53:07-06	inicio	 
32	11	cat_usuarios	1	1	1	1	1	a	2019-10-12 14:53:07-06	inicio	 
33	20	menus_htmltable_idhtmltable_seq	1	0	1	0	0	a	2019-10-12 14:53:07-06	inicio	 
34	14	menus_subvistas	 	 	 	 	1	a	2019-10-12 14:53:07-06	inicio	 
35	22	menus	1	0	0	0	0	a	2019-10-12 14:53:07-06	inicio	 
36	8	pg_shadow	1	 	 	 	 	a	2019-10-12 14:53:07-06	inicio	 
37	8	menus_htmltable	1	 	 	 	 	a	2019-10-12 14:53:07-06	inicio	 
39	14	his_menus	 	 	 	 	1	a	2019-10-12 14:53:07-06	inicio	 
40	11	his_cat_usuarios_pg_group_idcambio_seq	 	 	 	 	1	a	2019-10-12 14:53:07-06	inicio	 
42	17	his_cat_usuarios_pg_group_idcambio_seq	 	 	 	 	1	a	2019-10-12 14:53:07-06	inicio	 
43	11	cat_preguntas	1	0	0	0	0	a	2019-10-12 14:53:07-06	inicio	 
44	8	menus_pg_group	1	0	0	0	0	a	2019-10-12 14:53:07-06	inicio	 
45	17	cat_usuarios	1	0	1	1	1	a	2019-10-12 14:53:07-06	inicio	 
46	20	tablas	1	0	0	0	0	a	2019-10-12 14:53:07-06	inicio	 
47	26	menus_mensajes	1	0	0	0	0	a	2019-10-12 14:53:07-06	inicio	 
49	8	menus	1	 	 	 	 	a	2019-10-12 14:53:07-06	inicio	 
50	8	menus_campos_eventos	1	 	 	 	 	a	2019-10-12 14:53:07-06	inicio	 
51	26	menus	1	0	0	0	0	a	2019-10-12 14:53:07-06	inicio	 
53	1	pg_namespace	1	0	0	0	0	a	2019-10-12 14:53:07-06	inicio	 
55	14	menus_eventos_idmenus_eventos_seq	 	 	 	 	1	a	2019-10-12 14:53:07-06	inicio	 
57	17	pg_shadow	1	 	 	 	 	a	2019-10-12 14:53:07-06	inicio	 
58	19	cat_usuarios	0	1	0	0	1	a	2019-10-12 14:53:07-06	inicio	 
59	14	eventos	 	 	 	 	1	a	2019-10-12 14:53:07-06	inicio	 
60	1	tablas	1	0	0	0	0	a	2019-10-12 14:53:07-06	inicio	 
61	11	pg_authid	0	0	0	0	1	a	2019-10-12 14:53:07-06	inicio	 
62	17	his_cat_usuarios_seq	 	 	 	 	1	a	2019-10-12 14:53:07-06	inicio	 
63	8	cat_bitacora	1	1	1	 	 	a	2019-10-12 14:53:07-06	inicio	 
64	18	menus_pg_tables	1	0	0	0	0	a	2019-10-12 14:53:07-06	inicio	 
65	4	cat_preguntas	1	 	 	 	 	a	2019-10-12 14:53:07-06	inicio	 
67	18	cat_asuntos	1	0	0	0	0	a	2019-10-12 14:53:07-06	inicio	 
68	14	menus_campos_eventos_icv_seq	 	 	 	 	1	a	2019-10-12 14:53:07-06	inicio	 
69	17	grupos_filas	1	0	0	0	0	a	2019-10-12 14:53:07-06	inicio	 
71	22	menus_mensajes	1	0	0	0	0	a	2019-10-12 14:53:07-06	inicio	 
72	11	estados_usuarios	1	 	 	 	 	a	2019-10-12 14:53:07-06	inicio	 
73	8	cat_preguntas	1	 	 	 	 	a	2019-10-12 14:53:07-06	inicio	 
74	8	menus_movtos	1	 	 	 	 	a	2019-10-12 14:53:07-06	inicio	 
75	14	menus_presentacion	1	0	0	0	0	a	2019-10-12 14:53:07-06	inicio	 
76	18	his_cat_usuarios_pg_group_idcambio_seq	1	1	 	 	 	a	2019-10-12 14:53:07-06	inicio	 
77	8	menus_seguimiento_idseguimietno_seq	 	 	 	 	1	a	2019-10-12 14:53:07-06	inicio	 
78	11	cat_usuarios_pg_group	 	 	 	 	1	a	2019-10-12 14:53:07-06	inicio	 
79	8	cat_usuarios_pg_group	1	 	 	 	 	a	2019-10-12 14:53:07-06	inicio	 
80	11	his_cat_usuarios	 	 	 	 	1	a	2019-10-12 14:53:07-06	inicio	 
81	14	menus_idmenu_seq	 	 	 	 	1	a	2019-10-12 14:53:07-06	inicio	 
82	20	menus_campos_idcampo_seq	 	 	 	 	1	a	2019-10-12 14:53:07-06	inicio	 
83	8	menus_seguimiento	1	 	 	 	 	a	2019-10-12 14:53:07-06	inicio	 
85	14	pg_namespace	1	0	0	0	0	a	2019-10-12 14:53:07-06	inicio	 
86	11	pg_shadow	1	 	 	 	 	a	2019-10-12 14:53:07-06	inicio	 
87	11	his_cat_usuarios_seq	 	 	 	 	1	a	2019-10-12 14:53:07-06	inicio	 
88	16	menus_pg_group	 	 	 	 	1	a	2019-10-12 14:53:07-06	inicio	 
89	19	cat_preguntas	1	0	0	0	0	a	2019-10-12 14:53:07-06	inicio	 
90	7	eventos	1	0	0	0	0	a	2019-10-12 14:53:07-06	inicio	 
91	4	cat_usuarios	 	 	 	 	1	a	2019-10-12 14:53:07-06	inicio	 
92	4	his_cat_usuarios	 	 	 	 	1	a	2019-10-12 14:53:07-06	inicio	 
94	14	tcases	1	 	 	 	 	a	2019-10-12 14:53:07-06	inicio	 
95	17	cat_preguntas	1	0	0	0	0	a	2019-10-12 14:53:07-06	inicio	 
96	18	cat_asuntos_idregcambio_seq	1	0	1	0	0	a	2019-10-12 14:53:07-06	inicio	 
97	20	campos	1	0	0	0	0	a	2019-10-12 14:53:07-06	inicio	 
98	8	cat_bitacora_idbitacora_seq	 	 	 	 	1	a	2019-10-12 14:53:07-06	inicio	 
99	8	campos	1	 	 	 	 	a	2019-10-12 14:53:07-06	inicio	 
100	20	menus	1	0	0	0	0	a	2019-10-12 14:53:07-06	inicio	 
101	20	menus_htmltable	1	1	0	0	0	a	2019-10-12 14:53:07-06	inicio	 
102	19	cat_preguntas_seq	1	 	 	 	 	a	2019-10-12 14:53:07-06	inicio	 
103	14	tablas	1	 	 	 	 	a	2019-10-12 14:53:07-06	inicio	 
104	19	his_cat_usuarios	 	 	 	 	1	a	2019-10-12 14:53:07-06	inicio	 
105	4	his_cat_usuarios_seq	 	 	 	 	1	a	2019-10-12 14:53:07-06	inicio	 
106	8	tablas	1	 	 	 	 	a	2019-10-12 14:53:07-06	inicio	 
107	4	cat_preguntas_seq	1	 	 	 	 	a	2019-10-12 14:53:07-06	inicio	 
109	14	menus_campos_eventos	 	 	 	 	1	a	2019-10-12 14:53:07-06	inicio	 
110	21	his_menus_pg_group	 	 	 	 	1	a	2019-10-12 14:53:07-06	inicio	 
111	14	menus_movtos	 	 	 	 	1	a	2019-10-12 14:53:07-06	inicio	 
112	17	estados_usuarios	1	 	 	 	 	a	2019-10-12 14:53:07-06	inicio	 
114	21	his_menus_pg_group_seq	1	 	1	 	1	a	2019-10-12 14:53:07-06	inicio	 
115	17	pg_authid	0	0	0	1	1	a	2019-10-12 14:53:07-06	inicio	 
116	8	menus_campos	1	 	 	 	 	a	2019-10-12 14:53:07-06	inicio	 
118	8	menus_log	 	1	 	 	 	a	2019-10-12 14:53:07-06	inicio	 
119	14	menus_campos_idcampo_seq	 	 	 	 	1	a	2019-10-12 14:53:07-06	inicio	 
120	14	menus_campos	 	 	 	 	1	a	2019-10-12 14:53:07-06	inicio	 
121	8	menus_log_idlog_seq	 	 	 	 	1	a	2019-10-12 14:53:07-06	inicio	 
122	20	tcases	1	0	0	0	0	a	2019-10-12 14:53:07-06	inicio	 
123	19	his_cat_usuarios_seq	 	 	 	 	1	a	2019-10-12 14:53:07-06	inicio	 
124	18	cat_asuntos_id_cveasunto_seq	1	0	1	0	0	a	2019-10-12 14:53:07-06	inicio	 
125	14	campos	1	 	 	 	 	a	2019-10-12 14:53:07-06	inicio	 
126	20	pg_namespace	1	0	0	0	0	a	2019-10-12 14:53:07-06	inicio	 
127	14	menus_eventos	 	 	 	 	1	a	2019-10-12 14:53:07-06	inicio	 
128	21	menus_pg_group_orden_seq	1	0	1	0	0	a	2019-10-12 14:53:07-06	inicio	 
129	26	menus_log	1	0	0	0	 	a	2019-10-12 14:53:07-06	inicio	 
130	8	cat_usuarios	1	 	 	 	1	a	2019-10-12 14:53:07-06	inicio	 
131	18	cat_preguntas	1	0	0	0	0	a	2019-10-12 14:53:07-06	inicio	 
132	8	menus_subvistas	1	 	1	 	 	a	2019-10-12 14:53:07-06	inicio	 
134	17	his_cat_usuarios	 	 	 	 	1	a	2019-10-12 14:53:07-06	inicio	 
135	8	menus_eventos	1	 	 	 	 	a	2019-10-12 14:53:07-06	inicio	 
136	17	cat_usuarios_pg_group	 	 	 	 	1	a	2019-10-12 14:53:07-06	inicio	 
137	1	his_menus_pg_tables	 	 	 	 	1	a	2019-10-12 14:53:07-06	inicio	 
138	18	cat_asuntos	1	0	0	0	0	b	2019-10-12 14:53:07-06	inicio	 
139	17	grupos_filas	1	0	0	0	0	b	2019-10-12 14:53:07-06	inicio	 
140	18	cat_asuntos_idregcambio_seq	1	0	1	0	0	b	2019-10-12 14:53:07-06	inicio	 
141	18	cat_asuntos_id_cveasunto_seq	1	0	1	0	0	b	2019-10-12 14:53:07-06	inicio	 
142	22	menus_log	1	0	0	0	0	b	2019-10-12 15:04:31-06	inicio	 
143	22	menus_log_idlog_seq	1	0	1	0	0	b	2019-10-12 15:04:31-06	inicio	 
144	22	menus	1	0	0	0	0	b	2019-10-12 15:04:31-06	inicio	 
145	22	menus_mensajes	1	0	0	0	0	b	2019-10-12 15:04:31-06	inicio	 
146	17	cat_usuarios	1	0	1	1	1	c	2019-10-19 08:34:03-06	inicio	 
147	19	cat_preguntas_seq	1	 	 	 	 	c	2019-10-27 15:26:35-06	inicio	 
148	4	cat_preguntas_seq	1	 	 	 	 	c	2019-10-27 15:26:35-06	inicio	 
\.


--
-- Name: his_menus_pg_tables_idcambio_seq; Type: SEQUENCE SET; Schema: forapi; Owner: postgres
--

SELECT pg_catalog.setval('his_menus_pg_tables_idcambio_seq', 148, true);


--
-- Data for Name: his_tablas_cambios; Type: TABLE DATA; Schema: forapi; Owner: postgres
--

COPY his_tablas_cambios (nspname, tabla, attnum, idregcambio, valor_anterior, valor_nuevo, usuario_alta, fecha_alta, idmenu) FROM stdin;
\.


--
-- Data for Name: menus; Type: TABLE DATA; Schema: forapi; Owner: postgres
--

COPY menus (idmenu, descripcion, objeto, fecha_alta, usuario_alta, fecha_modifico, usuario_modifico, php, modoconsulta, idmenupadre, idmovtos, movtos, fuente, presentacion, columnas, tabla, reltype, filtro, limite, orden, menus_campos, dialogwidth, dialogheight, s_table, s_table_height, inicioregistros, nspname, css, imprime, limpiaralta, table_width, table_height, table_align, manual, noconfirmamovtos, icono, ayuda) FROM stdin;
1	Seguridad tablas		2019-10-12 14:53:07-06	inicio	2019-10-12 14:53:07-06	inicio		0	0	0	i,d,u,s,l		2	1	menus_pg_tables	126341		100		0	0	0	0	300	f	forapi	pupanint.css	0	f	0.00	0.00					
2	Desbloque de usuario		2019-10-12 14:53:07-06	inicio	2019-10-12 14:53:07-06	inicio		0	0	0	u		2	1	cat_usuarios	126000		100		0	0	0	0	300	f	forapi	pupanint.css	0	t	0.00	0.00					
3	Usuarios grupos		2019-10-12 14:53:07-06	inicio	2019-10-12 14:53:07-06	inicio		0	0	0	i,d,u,s,l,f,a,ex		2	2	cat_usuarios_pg_group	126048		100	grosysid	0	0	0	0	300	f	forapi	pupanint.css	0	f	0.00	0.00					
4	Registro		2019-10-12 14:53:07-06	inicio	2019-10-12 14:53:07-06	inicio		0	0	0	i		2	1	cat_usuarios	126000	usename is null	100	usename	0	0	0	0	300	f	forapi	pupanint.css	0	t	0.00	0.00					
5	Historico Usuario		2019-10-12 14:53:07-06	inicio	2019-10-12 14:53:07-06	inicio		0	0	0	s		2	2	his_cat_usuarios	126104		100		0	0	0	0	300	f	forapi	pupanint.css	0	t	0.00	0.00					
6	Solicita usuario a Desbloquear		2019-10-12 14:53:07-06	inicio	2019-10-12 14:53:07-06	inicio		0	0	0	s,S		2	1	cat_usuarios	126000		100		0	0	0	0	300	f	forapi	pupanint.css	0	t	0.00	0.00					
7	Menus eventos		2019-10-12 14:53:07-06	inicio	2019-10-12 14:53:07-06	inicio		0	0	0	i,d,u,s,a,l		2	2	menus_eventos	126274		100		0	0	0	0	300	f	forapi	pupanint.css	0	t	0.00	0.00					
8	accesosistema		2019-10-12 14:53:07-06	inicio	2019-10-12 14:53:07-06	inicio	accesosistema	0	0	0	i,d,u,s		2	2		0		100		0	0	0	0	300	f	forapi	pupanint.css	0	t	0.00	0.00					
11	Mtto a usuarios ventanilla		2019-10-12 14:53:07-06	inicio	2019-10-12 14:53:07-06	inicio	man_menus.php	0	10	0	i,u,s,l,p,d,a		2	4	cat_usuarios	126000		50	nombre	0	0	0	0	300	f	forapi	pupanint.css	0	t	0.00	0.00					
12	Mtto a grupo de campos		2019-10-12 14:53:07-06	inicio	2019-10-12 14:53:07-06	inicio	man_menus.php	0	10	0	i,d,u,s,l,a		2	1	menus_htmltable	126283		100		0	0	0	0	300	t	forapi	pupanint.css	0	t	0.00	0.00					
15	Autorizacion de personal		2019-10-12 14:53:07-06	inicio	2019-10-12 14:53:07-06	inicio	man_menus.php	0	10	0	s,u,l,a		2	1	cat_usuarios	126000	estatus=0	100	fecha_alta desc	0	0	0	0	300	t	forapi	pupanint.css	0	t	0.00	0.00					
21	Grupos Menus		2019-10-12 14:53:07-06	inicio	2019-10-12 14:53:07-06	inicio		0	0	0	i,d,u,s,a,l		2	2	menus_pg_group	126331		100		0	0	0	0	300	f	forapi	pupanint.css	0	f	0.00	0.00					
23	Carga LLave privada y publica		2019-10-12 14:53:07-06	inicio	2019-10-12 14:53:07-06	inicio	man_menus.php	0	0	0	e		2	1	cat_usuarios	126000	usuario_alta is null	100		0	500	0	0	300	f	forapi	pupanint.css	0	t	30.00	0.00	center				
24	Cambio de Contraseña		2019-10-12 14:53:07-06	inicio	2019-10-12 14:53:07-06	inicio	man_menus.php	0	0	0	u		2	1	cat_usuarios	126000	usename='jlv8'	1		0	0	0	0	300	t	forapi	pupanint.css	0	t	0.00	0.00					
25	Cambio de password		2019-10-12 14:53:07-06	inicio	2019-10-12 14:53:07-06	inicio	man_menus.php	0	0	0	u		2	1	cat_usuarios	126000	cast(usename as text) = getpgusername()	100		0	0	0	0	300	t	forapi	pupanint.css	0	t	0.00	0.00					
26	Log de los menus		2019-10-12 14:53:07-06	inicio	2019-10-12 14:53:07-06	inicio	man_menus.php	0	0	0	s,l,a.f		2	2	menus_log	126296		100	fecha_alta desc	0	0	0	0	300	f	forapi	pupanint.css	0	t	0.00	0.00					
27	menus_movtos		2019-10-12 14:53:07-06	inicio	2019-10-12 14:53:07-06	inicio	man_menus.php	0	0	0	i,d,u,s,l		2	2	menus_movtos	126321		100		0	0	0	0	300	f	forapi	pupanint.css	0	t	0.00	0.00					
28	menus_seguimiento		2019-10-12 14:53:07-06	inicio	2019-10-12 14:53:07-06	inicio	man_menus.php	0	0	0	i,d,u,s,l,a		2	2	menus_seguimiento	126363		100		0	0	0	0	300	f	forapi	pupanint.css	0	t	0.00	0.00					
29	menus_tiempos		2019-10-12 14:53:07-06	inicio	2019-10-12 14:53:07-06	inicio	man_menus.php	0	0	0	i,d,u,s,l,a		2	2	menus_tiempos	126389		100		0	0	0	0	300	f	forapi		0	t	0.00	0.00					
17	Mtto a usuarios		2019-10-12 14:53:07-06	inicio	2019-10-19 19:02:51-06	inicio	man_menus.php	0	10	0	u,s,l,d,a,ex		2	2	cat_usuarios	126000		50	nombre	0	60	0	0	300	t	forapi	pupanint.css	0	t	60.00	0.00	center				
20	Campos de menus		2019-10-12 14:53:07-06	inicio	2019-10-20 19:41:22-06	inicio	man_menus.php	0	0	0	i,d,u,s,l,a,cc,f		2	2	menus_campos	126222		100	htmltable,orden	0	0	0	0	280	f	forapi	pupanint.css	0	f	0.00	0.00					
18	Autorizacion de registro		2019-10-12 14:53:07-06	inicio	2019-10-19 19:36:11-06	inicio	man_menus.php	0	10	0	s,u,l,a		2	2	cat_usuarios	126000	estatus=0	100	fecha_alta desc	0	0	0	0	300	t	forapi	pupanint.css	0	t	60.00	0.00	center				
10	Administración		2019-10-12 14:53:07-06	inicio	2019-10-27 07:57:17-06	inicio		0	0	0	i,d,u,s		2	2		0		100		0	0	0	0	300	f	forapi	pupanint.css	0	t	0.00	0.00					
13	Reingenieria		2019-10-12 14:53:07-06	inicio	2019-10-19 19:03:48-06	inicio	man_menus.php	0	10	0	s,i,a,l		2	1	tablas	126401		100	relname	0	0	0	0	300	f	forapi	pupanint.css	0	t	30.00	0.00	center				
9	Bienvenido		2019-10-12 14:53:07-06	inicio	2019-10-19 19:06:09-06	inicio		0	0	0	l,e,A		2	2	cat_usuarios	126000	usuario_alta is null	100		0	500	0	0	300	f	forapi	pupanint.css	0	t	40.00	0.00	center				
19	Registro Nuevo Usuario		2019-10-12 14:53:07-06	inicio	2019-10-19 19:07:54-06	inicio	man_menus.php	0	0	0	i,a		2	2	cat_usuarios	126000	usename is null	100	usename	0	0	0	0	300	f	forapi	pupanint.css	0	t	60.00	0.00	center				
16	Mtto a grupos		2019-10-12 14:53:07-06	inicio	2019-10-27 07:53:16-06	inicio	man_menus.php	0	10	0	i,d,u,s,a,l		2	2	pg_authid	2842	rolcanlogin=false	100	rolname	0	0	0	0	300	t	pg_catalog	pupanint.css	0	t	80.00	0.00	center				
30	Subvistas		2019-10-12 14:53:07-06	inicio	2019-10-12 14:53:07-06	inicio		0	0	0	i,d,u,s,l,a,cc		2	2	menus_subvistas	126370		100	orden	0	0	0	0	300	f	forapi	pupanint.css	0	t	0.00	0.00					
31	Reingenieria Excel		2019-10-20 19:38:33-06	inicio	2019-10-22 07:57:08-06	inicio	man_menus.php	0	10	0	a,l,s		2	1	tablas	126401		100	relname	0	0	0	0	300	f	forapi	pupanint.css	0	t	30.00	0.00	center				
32	Administracion Copia		2019-10-27 07:50:24-06	inicio	2019-10-27 07:50:24-06	inicio		0	0	0	i,d,u,s		2	2		0		100		0	0	0	0	300	f	forapi	pupanint.css	0	t	0.00	0.00					
14	Mtto a menus		2019-10-12 14:53:07-06	inicio	2019-10-19 18:46:23-06	inicio	man_menus.php	0	10	0	i,d,u,s,l,cc,ex,a	select id_voluntario,no_cred_elect, nombre, apepat, apemat, domicilio, no_ext, id_entidad from cat_voluntarios 	2	2	menus	126182		100	fecha_alta desc	0	0	0	0	300	f	forapi	pupanint.css	1	t	80.00	0.00	center				
\.


--
-- Data for Name: menus_archivos; Type: TABLE DATA; Schema: forapi; Owner: postgres
--

COPY menus_archivos (idarchivo, descripcion, fecha_alta, usuario_alta, fecha_modifico, usuario_modifico, version, idtipoarchivo, "tamaño", ubicacion) FROM stdin;
1	A_F01.xlsx	2019-10-20 09:12:54-06	temporal	2019-10-20 09:12:54-06	temporal	\N	0	0	\N
2	1a Quincena de enero 2017 Oficinas Centrales.xlsx	2019-10-20 09:20:47-06	temporal	2019-10-20 09:20:47-06	temporal	\N	0	0	\N
3	193_736262955.pdf	2019-10-20 09:32:58-06	temporal	2019-10-20 09:32:58-06	temporal	\N	0	0	\N
4	1a Quincena de enero 2017 Oficinas Centrales.xlsx	2019-10-20 09:40:41-06	temporal	2019-10-20 09:40:41-06	temporal	\N	0	0	\N
5	factura_201905.pdf	2019-10-20 09:52:28-06	temporal	2019-10-20 09:52:28-06	temporal	\N	0	0	\N
6	factura_201905.pdf	2019-10-20 09:58:00-06	temporal	2019-10-20 09:58:00-06	temporal	\N	0	0	\N
7	AnalisisDeFiltrosEnProteccionCivil.xlsx	2019-10-20 10:05:55-06	temporal	2019-10-20 10:05:55-06	temporal	\N	0	0	\N
8	VPN Windows.pdf	2019-10-20 13:43:52-06	temporal	2019-10-20 13:43:52-06	temporal	\N	0	0	\N
9	VPN Windows.pdf	2019-10-20 13:46:40-06	temporal	2019-10-20 13:46:40-06	temporal	\N	0	0	\N
10	AtenticacionLaravel.docx	2019-10-20 13:47:01-06	temporal	2019-10-20 13:47:01-06	temporal	\N	0	0	\N
11	VPN Windows.pdf	2019-10-20 13:48:08-06	temporal	2019-10-20 13:48:08-06	temporal	\N	0	0	\N
12	VPN Windows.pdf	2019-10-20 13:51:15-06	temporal	2019-10-20 13:51:15-06	temporal	\N	0	0	\N
13	AnalisisDeFiltrosEnProteccionCivil.xlsx	2019-10-20 13:57:14-06	temporal	2019-10-20 13:57:14-06	temporal	\N	0	0	\N
14	AnalisisDeFiltrosEnProteccionCivil.xlsx	2019-10-20 14:01:59-06	temporal	2019-10-20 14:01:59-06	temporal	\N	0	0	\N
15	DEJC CATALOGOS-ADIP.xlsx	2019-10-20 17:50:11-06	temporal	2019-10-20 17:50:11-06	temporal	\N	0	0	\N
16	DEJC CATALOGOS-ADIP.xlsx	2019-10-20 18:24:11-06	temporal	2019-10-20 18:24:11-06	temporal	\N	0	0	\N
\.


--
-- Name: menus_archivos_idarchivo_seq; Type: SEQUENCE SET; Schema: forapi; Owner: postgres
--

SELECT pg_catalog.setval('menus_archivos_idarchivo_seq', 16, true);


--
-- Data for Name: menus_campos; Type: TABLE DATA; Schema: forapi; Owner: postgres
--

COPY menus_campos (idcampo, idmenu, reltype, attnum, descripcion, size, male, fuente, fuente_campodes, fuente_campodep, fuente_campofil, fuente_where, fuente_evento, orden, idsubvista, dialogwidth, dialogheight, obligatorio, busqueda, altaautomatico, tcase, checaduplicidad, readonly, valordefault, esindex, tipayuda, fecha_alta, usuario_alta, fecha_modifico, usuario_modifico, espassword, tabla, nspname, fuente_busqueda, val_particulares, htmltable, fuente_nspname, altaautomatico_idmenu, fuente_busqueda_idmenu, upload_file, formato_td, colspantxt, rowspantxt, autocomplete, imprime, totales, cambiarencambios, link_file, fuente_info, fuente_info_idmenu, fuente_actu, fuente_actu_idmenu, eshidden, fila, clase) FROM stdin;
1	25	126000	0	PasswordNuevo	30	30						0	20	0	0	0	t	f	f	0	f	f		f		2019-10-12 14:53:07-06	inicio	2019-10-12 14:53:07-06	inicio	1		forapi	f		0		0	0	f	0	0	0	0	t	f	t	f	f	0	f	0	f	20	\N
7	2	126000	0	Respuesta_	50	50						0	0	0	0	0	f	f	f	0	f	f		f		2019-10-12 14:53:07-06	inicio	2019-10-12 14:53:07-06	inicio	0	cat_usuarios	forapi	f		0		0	0	f	0	0	0	0	t	f	t	f	f	0	f	0	f	0	\N
8	4	126000	0	TecleeDeNuevoPassword	20	30						0	250	0	0	0	t	f	f	0	f	f		f		2019-10-12 14:53:07-06	inicio	2019-10-12 14:53:07-06	inicio	1		forapi	f		0		0	0	f	0	0	0	0	t	f	t	f	f	0	f	0	f	250	\N
9	11	126000	0	Password	20	20						0	160	0	0	0	f	f	f	0	f	f		f	password	2019-10-12 14:53:07-06	inicio	2019-10-12 14:53:07-06	inicio	1	cat_usuarios	forapi	f		0		0	0	f	1	0	0	0	t	f	t	f	f	0	f	0	f	160	\N
11	25	126000	0	TecleedeNuevoPassword	30	30						0	30	0	0	0	t	f	f	0	f	f		f		2019-10-12 14:53:07-06	inicio	2019-10-12 14:53:07-06	inicio	1		forapi	f		0		0	0	f	0	0	0	0	t	f	t	f	f	0	f	0	f	30	\N
12	25	126000	0	PasswordAnterior	30	30						0	10	0	0	0	t	f	f	0	f	f		f		2019-10-12 14:53:07-06	inicio	2019-10-12 14:53:07-06	inicio	1		forapi	f		0		0	0	f	0	0	0	0	t	f	t	f	f	0	f	0	f	10	\N
13	24	126000	0	TecleedeNuevoPassword	30	30						0	30	0	0	0	t	f	f	0	f	f		f		2019-10-12 14:53:07-06	inicio	2019-10-12 14:53:07-06	inicio	1		forapi	f		0		0	0	f	0	0	0	0	t	f	t	f	f	0	f	0	f	30	\N
15	23	126000	0	LLavePrivada	10	10						0	15	0	40	30	t	f	f	0	f	f		f		2019-10-12 14:53:07-06	inicio	2019-10-12 14:53:07-06	inicio	0	cat_usuarios	forapi	f		0		0	0	t	0	0	0	0	t	f	t	f	f	0	f	0	f	15	\N
16	23	126000	0	LLavePublica	10	10						0	10	0	0	0	t	f	f	0	f	f		f		2019-10-12 14:53:07-06	inicio	2019-10-12 14:53:07-06	inicio	0	cat_usuarios	forapi	f		0		0	0	t	0	0	0	0	t	f	t	f	f	0	f	0	f	10	\N
18	5	126104	1	idcambio	8	0						0	10	0	40	30	f	f	f	0	f	t		t		2019-10-12 14:53:07-06	inicio	2019-10-12 14:53:07-06	inicio	0	his_cat_usuarios	forapi	f		0		0	0	f	0	0	0	0	t	f	t	f	f	0	f	0	f	10	\N
19	21	126331	1	Opcion:	0	0	menus	descripcion	idmenu			0	10	0	40	30	f	f	f	0	f	f		t		2019-10-12 14:53:07-06	inicio	2019-10-12 14:53:07-06	inicio	0	menus_pg_group	forapi	f		0	forapi	0	0	f	0	0	0	0	t	f	t	f	f	0	f	0	f	10	\N
20	11	126000	1	Usuario	20	15						0	10	0	40	30	t	t	f	2	f	f		t		2019-10-12 14:53:07-06	inicio	2019-10-12 14:53:07-06	inicio	0	cat_usuarios	forapi	f		0		0	0	f	1	0	0	0	t	f	t	f	f	0	f	0	f	10	\N
22	2	126000	1	usename	19	0						0	10	0	40	30	t	f	f	0	f	f		t		2019-10-12 14:53:07-06	inicio	2019-10-12 14:53:07-06	inicio	0	cat_usuarios	forapi	f		0		0	0	f	0	0	0	0	t	f	t	f	f	0	f	0	f	10	\N
23	25	126000	0	Usuario	30	30						0	5	0	0	0	t	f	f	0	f	t		f		2019-10-12 14:53:07-06	inicio	2019-10-12 14:53:07-06	inicio	0		forapi	f		0		0	0	f	0	0	0	0	t	f	t	f	f	0	f	0	f	5	\N
30	30	126370	1	idmenus_subvistas	0	0						0	10	0	40	30	t	f	f	0	f	t		t		2019-10-12 14:53:07-06	inicio	2019-10-12 14:53:07-06	inicio	0	menus_subvistas	forapi	f		0		0	0	f	0	0	0	0	t	f	t	f	f	0	f	0	f	10	\N
32	24	126000	1	Usuario	30	30						0	5	0	0	0	t	f	f	0	f	t		f		2019-10-12 14:53:07-06	inicio	2019-10-12 14:53:07-06	inicio	0	cat_usuarios	forapi	f		0		0	0	f	0	0	0	0	t	f	t	f	f	0	f	0	f	5	\N
33	3	126048	1	Usuario	1	0	cat_usuarios	usename	usename			0	10	0	40	30	t	t	f	0	f	f		t		2019-10-12 14:53:07-06	inicio	2019-10-12 14:53:07-06	inicio	0	cat_usuarios_pg_group	forapi	f		0	forapi	0	0	f	0	0	0	0	t	f	t	f	f	0	f	0	f	10	\N
10	19	126000	0	TecleeDeNuevoelpassword	30	30						0	250	0	0	0	t	f	f	0	f	f		f		2019-10-12 14:53:07-06	inicio	2019-10-12 14:53:07-06	inicio	1		forapi	f		0		0	0	f	0	0	0	0	t	f	t	f	f	0	f	0	f	80	col-md-6
14	18	126000	0	Password	20	30						0	0	0	0	0	t	f	f	0	f	f		f		2019-10-12 14:53:07-06	inicio	2019-10-12 14:53:07-06	inicio	1	cat_usuarios	forapi	f		0		0	0	f	0	0	0	0	t	f	t	f	f	0	f	0	f	20	col-md-6
34	18	126000	1	Usuario	20	15						0	10	0	40	30	f	t	f	0	f	f		t		2019-10-12 14:53:07-06	inicio	2019-10-12 14:53:07-06	inicio	0	cat_usuarios	forapi	f		0		0	0	f	0	0	0	0	t	f	t	f	f	0	f	0	f	20	col-md-6
17	20	126222	1	Idcampo	30	0						0	110	0	40	30	f	f	f	0	f	f		t		2019-10-12 14:53:07-06	inicio	2019-10-12 14:53:07-06	inicio	0	menus_campos	forapi	f		0		0	0	f	0	0	0	0	t	f	t	f	f	0	f	0	f	20	col-md-6
285	20	126222	54	Fila	30	100						0	400	0	0	0	f	f	f	0	f	f		f		2019-10-19 15:45:56-06	inicio	2019-10-19 15:45:56-06	inicio	0	menus_campos	forapi	f		0		0	0	f	0	0	0	0	t	f	t	f	f	0	f	0	f	160	col-md-6
27	1	126341	1	idmenu	0	0						0	800	0	40	30	f	f	f	0	f	f		t		2019-10-12 14:53:07-06	inicio	2019-10-12 14:53:07-06	inicio	0	menus_pg_tables	forapi	f		0		0	0	f	0	0	0	0	t	f	t	f	f	0	f	0	f	800	\N
35	4	126000	1	Usuario	10	15						0	10	0	40	30	t	f	f	2	f	f		t		2019-10-12 14:53:07-06	inicio	2019-10-12 14:53:07-06	inicio	0	cat_usuarios	forapi	f		0		0	0	f	0	0	0	0	t	f	t	f	f	0	f	0	f	10	\N
36	26	126296	1	idlog	8	0						0	900	0	40	30	t	f	f	0	f	t		t	registro en la tabla	2019-10-12 14:53:07-06	inicio	2019-10-12 14:53:07-06	inicio	0	menus_log	forapi	f		0		0	0	f	0	0	0	0	t	f	t	f	f	0	f	0	f	900	\N
38	12	126283	1	idhtmltable	8	-1						0	10	0	40	30	t	f	f	0	f	t		t	Numero de identificacion de la tabla	2019-10-12 14:53:07-06	inicio	2019-10-12 14:53:07-06	inicio	0	menus_htmltable	forapi	f		0		0	0	f	0	0	0	0	t	f	t	f	f	0	f	0	f	10	\N
39	16	2842	1	Grupo	20	30						0	0	0	0	0	t	t	f	0	f	f		t		2019-10-12 14:53:07-06	inicio	2019-10-12 14:53:07-06	inicio	0	pg_authid	pg_catalog	f		0		0	0	f	0	0	0	0	t	f	t	f	f	0	f	0	f	0	\N
40	27	126321	1	idmenu	8	0						0	10	0	40	30	t	f	f	0	f	f		t		2019-10-12 14:53:07-06	inicio	2019-10-12 14:53:07-06	inicio	0	menus_movtos	forapi	f		0		0	0	f	0	0	0	0	t	f	t	f	f	0	f	0	f	10	\N
41	28	126363	1	idseguimietno	8	0						0	10	0	40	30	t	f	f	0	f	t		t		2019-10-12 14:53:07-06	inicio	2019-10-12 14:53:07-06	inicio	0	menus_seguimiento	forapi	f		0		0	0	f	0	0	0	0	t	f	t	f	f	0	f	0	f	10	\N
42	2	126000	2	Nombre	30	0						0	20	0	40	30	f	f	f	0	f	t		f		2019-10-12 14:53:07-06	inicio	2019-10-12 14:53:07-06	inicio	0	cat_usuarios	forapi	f		0		0	0	f	0	0	0	0	t	f	t	f	f	0	f	0	f	20	\N
43	15	126000	2	Nombre	20	30						0	20	0	40	30	f	t	f	0	f	f		f		2019-10-12 14:53:07-06	inicio	2019-10-12 14:53:07-06	inicio	0	cat_usuarios	forapi	f		0		0	0	f	0	0	0	0	t	f	t	f	f	0	f	0	f	20	\N
44	4	126000	2	Nombre	20	30						0	20	0	40	30	t	f	f	1	f	f		f		2019-10-12 14:53:07-06	inicio	2019-10-12 14:53:07-06	inicio	0	cat_usuarios	forapi	f		0		0	0	f	0	0	0	0	t	f	t	f	f	0	f	0	f	20	\N
45	27	126321	2	idmovto	5	0						0	20	0	40	30	f	f	f	0	f	f		t	i=insert,d=delete,s=select,u=upate,l=limpiar	2019-10-12 14:53:07-06	inicio	2019-10-12 14:53:07-06	inicio	0	menus_movtos	forapi	f		0		0	0	f	0	0	0	0	t	f	t	f	f	0	f	0	f	20	\N
46	12	126283	2	Descripción:	30	259						0	20	0	40	30	f	f	f	1	f	f		f	Caption que va a tener la tabla	2019-10-12 14:53:07-06	inicio	2019-10-12 14:53:07-06	inicio	0	menus_htmltable	forapi	f		0		0	0	f	0	0	0	0	t	f	t	f	f	0	f	0	f	20	\N
48	1	126341	2	Tabla	0	0	tablas	relname	relname	nspname		1	12	0	40	30	f	f	f	0	f	f		t		2019-10-12 14:53:07-06	inicio	2019-10-12 14:53:07-06	inicio	0	menus_pg_tables	forapi	f		0	forapi	0	0	f	0	0	0	0	t	f	t	f	f	0	f	0	f	12	\N
49	28	126363	2	idmenu	8	0						0	20	0	40	30	t	f	f	0	f	f		f	Numero de menu a dar seguimietno si 9999999=todos	2019-10-12 14:53:07-06	inicio	2019-10-12 14:53:07-06	inicio	0	menus_seguimiento	forapi	f		0		0	0	f	0	0	0	0	t	f	t	f	f	0	f	0	f	20	\N
53	30	126370	2	idmenu	0	0						0	20	0	40	30	f	f	f	0	f	t		f		2019-10-12 14:53:07-06	inicio	2019-10-12 14:53:07-06	inicio	0	menus_subvistas	forapi	f		0		0	0	f	0	0	0	0	t	f	t	f	f	0	f	0	f	20	\N
54	26	126296	2	idmenu	1	0	menus	descripcion	idmenu			0	20	0	40	30	t	t	f	0	f	f		f	Numero de menu que utilizo el usuario	2019-10-12 14:53:07-06	inicio	2019-10-12 14:53:07-06	inicio	0	menus_log	forapi	f		0	forapi	0	0	f	0	0	0	0	t	f	t	f	f	0	f	0	f	20	\N
57	5	126104	2	usename	19	0						0	20	0	40	30	t	f	f	0	f	f		f		2019-10-12 14:53:07-06	inicio	2019-10-12 14:53:07-06	inicio	0	his_cat_usuarios	forapi	f		0		0	0	f	0	0	0	0	t	f	t	f	f	0	f	0	f	20	\N
31	13	126401	1	Tabla	0	0						0	11	0	40	30	f	t	f	0	f	f		f		2019-10-12 14:53:07-06	inicio	2019-10-12 14:53:07-06	inicio	0	tablas	forapi	f		0		0	0	f	0	0	0	0	t	f	t	f	f	0	f	0	f	40	col-md-12
29	17	126000	1	Usuario	20	15						0	10	0	40	30	t	t	f	2	f	f		t		2019-10-12 14:53:07-06	inicio	2019-10-12 14:53:07-06	inicio	0	cat_usuarios	forapi	f		0		0	0	f	1	0	0	0	t	f	f	f	f	0	f	0	f	20	col-md-6
37	9	126000	1	Usuario	0	0						0	10	0	0	0	t	f	f	0	f	f		f		2019-10-12 14:53:07-06	inicio	2019-10-12 14:53:07-06	inicio	0	cat_usuarios	forapi	f		0		0	0	f	0	0	0	0	t	f	t	f	f	0	f	0	f	20	col-md-6
47	19	126000	2	Nombre	30	30						0	20	0	40	30	t	f	f	1	f	f		f		2019-10-12 14:53:07-06	inicio	2019-10-12 14:53:07-06	inicio	0	cat_usuarios	forapi	f		0		0	0	f	0	0	0	0	t	f	t	f	f	0	f	0	f	20	col-md-6
52	20	126222	2	Menu	1	0	menus	descripcion	idmenu			0	120	0	40	30	f	f	f	0	f	t		f		2019-10-12 14:53:07-06	inicio	2019-10-12 14:53:07-06	inicio	0	menus_campos	forapi	f		0	forapi	0	0	f	0	0	0	0	t	f	t	f	f	0	f	0	f	40	col-md-6
56	14	126182	2	Descripcion	99	0						0	20	0	40	30	t	t	f	0	f	f		f		2019-10-12 14:53:07-06	inicio	2019-10-12 14:53:07-06	inicio	0	menus	forapi	f		0		0	0	f	1	80	3	0	t	f	t	f	f	0	f	0	f	20	col-md-6
51	11	126000	2	Nombre	20	30						0	20	0	40	30	t	t	f	1	f	f		f		2019-10-12 14:53:07-06	inicio	2019-10-12 14:53:07-06	inicio	0	cat_usuarios	forapi	f		0		0	0	f	1	0	0	0	t	f	t	f	f	0	f	0	f	20	\N
59	7	126274	2	idmenu	8	0						0	20	0	40	30	f	f	f	0	f	f		t		2019-10-12 14:53:07-06	inicio	2019-10-12 14:53:07-06	inicio	0	menus_eventos	forapi	f		0		0	0	f	0	0	0	0	t	f	t	f	f	0	f	0	f	20	\N
60	4	126000	3	Apellido Paterno	20	30						0	30	0	40	30	f	f	f	1	f	f		f		2019-10-12 14:53:07-06	inicio	2019-10-12 14:53:07-06	inicio	0	cat_usuarios	forapi	f		0		0	0	f	0	0	0	0	t	f	t	f	f	0	f	0	f	30	\N
61	5	126104	3	nombre	30	0						0	30	0	40	30	f	f	f	0	f	f		f		2019-10-12 14:53:07-06	inicio	2019-10-12 14:53:07-06	inicio	0	his_cat_usuarios	forapi	f		0		0	0	f	0	0	0	0	t	f	t	f	f	0	f	0	f	30	\N
62	3	126048	3	Fecha alta	30	0						0	30	0	40	30	f	f	f	0	f	t		f		2019-10-12 14:53:07-06	inicio	2019-10-12 14:53:07-06	inicio	0	cat_usuarios_pg_group	forapi	f		0		0	0	f	0	0	0	0	t	f	t	f	f	0	f	0	f	30	\N
63	12	126283	3	esdesistema	1	-1						0	30	0	40	30	f	f	f	0	f	t		f		2019-10-12 14:53:07-06	inicio	2019-10-12 14:53:07-06	inicio	0	menus_htmltable	forapi	f		0		0	0	f	0	0	0	0	t	f	t	f	f	0	f	0	f	30	\N
65	7	126274	3	idevento	1	0	eventos	descripcion	idevento			0	30	0	40	30	t	f	t	0	f	f		t		2019-10-12 14:53:07-06	inicio	2019-10-12 14:53:07-06	inicio	0	menus_eventos	forapi	f		0	forapi	0	0	f	0	0	0	0	t	f	t	f	f	0	f	0	f	30	\N
68	27	126321	3	descripcion	30	0						0	30	0	40	30	f	f	f	0	f	f		f		2019-10-12 14:53:07-06	inicio	2019-10-12 14:53:07-06	inicio	0	menus_movtos	forapi	f		0		0	0	f	0	0	0	0	t	f	t	f	f	0	f	0	f	30	\N
69	2	126000	3	Apellido Paterno	30	0						0	30	0	40	30	f	f	f	0	f	t		f		2019-10-12 14:53:07-06	inicio	2019-10-12 14:53:07-06	inicio	0	cat_usuarios	forapi	f		0		0	0	f	0	0	0	0	t	f	t	f	f	0	f	0	f	30	\N
70	1	126341	3	tselect	1	1						0	13	0	40	30	f	f	f	0	f	f		f		2019-10-12 14:53:07-06	inicio	2019-10-12 14:53:07-06	inicio	0	menus_pg_tables	forapi	f		0		0	0	f	0	0	0	0	t	f	t	f	f	0	f	0	f	13	\N
72	28	126363	3	usename	24	0						0	30	0	40	30	f	f	f	0	f	f		f	Usuario a dar seguimiento *=todos	2019-10-12 14:53:07-06	inicio	2019-10-12 14:53:07-06	inicio	0	menus_seguimiento	forapi	f		0		0	0	f	0	0	0	0	t	f	t	f	f	0	f	0	f	30	\N
73	15	126000	3	Paterno	20	30						0	30	0	40	30	f	t	f	0	f	f		f		2019-10-12 14:53:07-06	inicio	2019-10-12 14:53:07-06	inicio	0	cat_usuarios	forapi	f		0		0	0	f	0	0	0	0	t	f	t	f	f	0	f	0	f	30	\N
76	30	126370	3	texto	0	0						0	30	0	40	30	f	f	f	0	f	f		f	Texto para activas la subvista	2019-10-12 14:53:07-06	inicio	2019-10-12 14:53:07-06	inicio	0	menus_subvistas	forapi	f		0		0	0	f	0	0	0	0	t	f	t	f	f	0	f	0	f	30	\N
79	5	126104	4	apepat	30	0						0	40	0	40	30	f	f	f	0	f	f		f		2019-10-12 14:53:07-06	inicio	2019-10-12 14:53:07-06	inicio	0	his_cat_usuarios	forapi	f		0		0	0	f	0	0	0	0	t	f	t	f	f	0	f	0	f	40	\N
80	7	126274	4	donde	4	0						0	40	0	40	30	t	f	f	0	f	f		t	0=cliente 1=servidor	2019-10-12 14:53:07-06	inicio	2019-10-12 14:53:07-06	inicio	0	menus_eventos	forapi	f		0		0	0	f	0	0	0	0	t	f	t	f	f	0	f	0	f	40	\N
81	1	126341	4	tinsert	1	1						0	14	0	40	30	f	f	f	0	f	f		f		2019-10-12 14:53:07-06	inicio	2019-10-12 14:53:07-06	inicio	0	menus_pg_tables	forapi	f		0		0	0	f	0	0	0	0	t	f	t	f	f	0	f	0	f	14	\N
71	19	126000	3	Apellido Paterno	30	30						0	30	0	40	30	f	f	f	1	f	f		f		2019-10-12 14:53:07-06	inicio	2019-10-12 14:53:07-06	inicio	0	cat_usuarios	forapi	f		0		0	0	f	0	0	0	0	t	f	t	f	f	0	f	0	f	40	col-md-6
50	18	126000	2	Nombre	20	30						0	20	0	40	30	f	t	f	0	f	f		f		2019-10-12 14:53:07-06	inicio	2019-10-12 14:53:07-06	inicio	0	cat_usuarios	forapi	f		0		0	0	f	0	0	0	0	t	f	t	f	f	0	f	0	f	40	col-md-6
66	17	126000	3	Paterno	20	30						0	30	0	40	30	f	t	f	1	f	f		f		2019-10-12 14:53:07-06	inicio	2019-10-12 14:53:07-06	inicio	0	cat_usuarios	forapi	f		0		0	0	f	1	0	0	0	t	f	t	f	f	0	f	0	f	40	col-md-6
82	17	126000	4	Materno	20	30						0	40	0	40	30	f	t	f	1	f	f		f		2019-10-12 14:53:07-06	inicio	2019-10-12 14:53:07-06	inicio	0	cat_usuarios	forapi	f		0		0	0	f	1	0	0	0	t	f	t	f	f	0	f	0	f	40	col-md-6
64	18	126000	3	Paterno	20	30						0	30	0	40	30	f	t	f	0	f	f		f		2019-10-12 14:53:07-06	inicio	2019-10-12 14:53:07-06	inicio	0	cat_usuarios	forapi	f		0		0	0	f	0	0	0	0	t	f	t	f	f	0	f	0	f	40	col-md-6
75	26	126296	3	movto	5	0						0	910	0	40	30	f	f	f	0	f	t		f	Movimiento que hizo el usuario	2019-10-12 14:53:07-06	inicio	2019-10-12 14:53:07-06	inicio	0	menus_log	forapi	f		0		0	0	f	0	0	0	0	t	f	t	f	f	0	f	0	f	910	\N
77	11	126000	3	Paterno	20	30						0	30	0	40	30	f	t	f	1	f	f		f		2019-10-12 14:53:07-06	inicio	2019-10-12 14:53:07-06	inicio	0	cat_usuarios	forapi	f		0		0	0	f	1	0	0	0	t	f	t	f	f	0	f	0	f	30	\N
83	30	126370	4	imagen	0	0						0	40	0	40	30	f	f	f	0	f	f		f	Imagen que aparece para activar la subvista	2019-10-12 14:53:07-06	inicio	2019-10-12 14:53:07-06	inicio	0	menus_subvistas	forapi	f		0		0	0	f	0	0	0	0	t	f	t	f	f	0	f	0	f	40	\N
84	28	126363	4	fecha_alta	18	0						0	40	0	40	30	f	f	f	0	f	t		f	Fecha en que hizo el movimiento	2019-10-12 14:53:07-06	inicio	2019-10-12 14:53:07-06	inicio	0	menus_seguimiento	forapi	f		0		0	0	f	0	0	0	0	t	f	t	f	f	0	f	0	f	40	\N
85	11	126000	4	Materno	20	30						0	40	0	40	30	f	t	f	1	f	f		f		2019-10-12 14:53:07-06	inicio	2019-10-12 14:53:07-06	inicio	0	cat_usuarios	forapi	f		0		0	0	f	1	0	0	0	t	f	t	f	f	0	f	0	f	40	\N
86	15	126000	4	Materno	20	30						0	40	0	40	30	f	t	f	0	f	f		f		2019-10-12 14:53:07-06	inicio	2019-10-12 14:53:07-06	inicio	0	cat_usuarios	forapi	f		0		0	0	f	0	0	0	0	t	f	t	f	f	0	f	0	f	40	\N
87	27	126321	4	imagen	30	0						0	40	0	40	30	f	f	f	0	f	f		f		2019-10-12 14:53:07-06	inicio	2019-10-12 14:53:07-06	inicio	0	menus_movtos	forapi	f		0		0	0	f	0	0	0	0	t	f	t	f	f	0	f	0	f	40	\N
89	12	126283	4	Columnas:	4	-1						0	40	0	40	30	f	f	f	0	f	f		f	Numero de columnas en la tabla si es cero pone las columnas de la tabla maestra	2019-10-12 14:53:07-06	inicio	2019-10-12 14:53:07-06	inicio	0	menus_htmltable	forapi	f		0		0	0	f	0	0	0	0	t	f	t	f	f	0	f	0	f	40	\N
90	4	126000	4	Apellido Materno	20	30						0	40	0	40	30	f	f	f	1	f	f		f		2019-10-12 14:53:07-06	inicio	2019-10-12 14:53:07-06	inicio	0	cat_usuarios	forapi	f		0		0	0	f	0	0	0	0	t	f	t	f	f	0	f	0	f	40	\N
91	26	126296	4	sql	-1	0						0	40	0	40	30	f	t	f	0	f	f		f	Movimiento que hizo el usuario	2019-10-12 14:53:07-06	inicio	2019-10-12 14:53:07-06	inicio	0	menus_log	forapi	f		0		0	0	f	0	0	0	0	t	f	t	f	f	0	f	0	f	40	\N
92	2	126000	4	Apellido Materno	30	0						0	40	0	40	30	f	f	f	0	f	t		f		2019-10-12 14:53:07-06	inicio	2019-10-12 14:53:07-06	inicio	0	cat_usuarios	forapi	f		0		0	0	f	0	0	0	0	t	f	t	f	f	0	f	0	f	40	\N
93	3	126048	4	Fecha modifico	30	0						0	40	0	40	30	f	f	f	0	f	t		f		2019-10-12 14:53:07-06	inicio	2019-10-12 14:53:07-06	inicio	0	cat_usuarios_pg_group	forapi	f		0		0	0	f	0	0	0	0	t	f	t	f	f	0	f	0	f	40	\N
101	26	126296	5	fecha_alta	18	0						0	10	0	40	30	f	f	f	0	f	t		f	Fecha en que hizo el movimiento el usuario	2019-10-12 14:53:07-06	inicio	2019-10-12 14:53:07-06	inicio	0	menus_log	forapi	f		0		0	0	f	0	0	0	0	t	f	t	f	f	0	f	0	f	10	\N
102	28	126363	5	usuario_alta	24	0						0	50	0	40	30	f	f	f	0	f	t		f	Usuario hizo el alta 	2019-10-12 14:53:07-06	inicio	2019-10-12 14:53:07-06	inicio	0	menus_seguimiento	forapi	f		0		0	0	f	0	0	0	0	t	f	t	f	f	0	f	0	f	50	\N
103	7	126274	5	descripcion	30	0						0	50	0	40	30	f	f	f	0	f	f		f		2019-10-12 14:53:07-06	inicio	2019-10-12 14:53:07-06	inicio	0	menus_eventos	forapi	f		0		0	0	f	0	0	0	0	t	f	t	f	f	0	f	0	f	50	\N
104	12	126283	5	fecha_alta	18	-1						0	50	0	40	30	f	f	f	0	f	t		f		2019-10-12 14:53:07-06	inicio	2019-10-12 14:53:07-06	inicio	0	menus_htmltable	forapi	f		0		0	0	f	0	0	0	0	t	f	t	f	f	0	f	0	f	50	\N
96	20	126222	4	Campo	1	0	campos	attname	attnum	tabla,nspname		2	130	0	40	30	f	f	f	0	f	f		f		2019-10-12 14:53:07-06	inicio	2019-10-12 14:53:07-06	inicio	0	menus_campos	forapi	f		0	forapi	0	0	f	0	0	0	0	t	f	t	f	f	0	f	0	f	60	col-md-6
78	13	126401	4	Esquema	1	30	pg_namespace	nspname	nspname			0	0	0	40	30	f	t	f	0	f	f		f		2019-10-12 14:53:07-06	inicio	2019-10-12 14:53:07-06	inicio	0	tablas	forapi	f		0	pg_catalog	0	0	f	0	0	0	0	t	f	t	f	f	0	f	0	f	20	col-md-12
95	19	126000	4	Apellido Materno	30	30						0	40	0	40	30	f	f	f	1	f	f		f		2019-10-12 14:53:07-06	inicio	2019-10-12 14:53:07-06	inicio	0	cat_usuarios	forapi	f		0		0	0	f	0	0	0	0	t	f	t	f	f	0	f	0	f	40	col-md-6
94	18	126000	4	Materno	20	30						0	40	0	40	30	f	t	f	0	f	f		f		2019-10-12 14:53:07-06	inicio	2019-10-12 14:53:07-06	inicio	0	cat_usuarios	forapi	f		0		0	0	f	0	0	0	0	t	f	t	f	f	0	f	0	f	60	col-md-6
97	18	126000	5	Puesto	20	50						0	50	0	40	30	f	f	f	0	f	t		f		2019-10-12 14:53:07-06	inicio	2019-10-12 14:53:07-06	inicio	0	cat_usuarios	forapi	f		0		0	0	f	0	0	0	0	t	f	t	f	f	0	f	0	f	60	col-md-6
99	15	126000	5	Puesto	20	50						0	50	0	40	30	f	f	f	0	f	t		f		2019-10-12 14:53:07-06	inicio	2019-10-12 14:53:07-06	inicio	0	cat_usuarios	forapi	f		0		0	0	f	0	0	0	0	t	f	t	f	f	0	f	0	f	50	\N
100	1	126341	5	tupdate	1	1						0	15	0	40	30	f	f	f	0	f	f		f		2019-10-12 14:53:07-06	inicio	2019-10-12 14:53:07-06	inicio	0	menus_pg_tables	forapi	f		0		0	0	f	0	0	0	0	t	f	t	f	f	0	f	0	f	15	\N
105	3	126048	5	Usuario alta	30	0						0	50	0	40	30	f	f	f	0	f	t		f		2019-10-12 14:53:07-06	inicio	2019-10-12 14:53:07-06	inicio	0	cat_usuarios_pg_group	forapi	f		0		0	0	f	0	0	0	0	t	f	t	f	f	0	f	0	f	50	\N
106	5	126104	5	apemat	30	0						0	50	0	40	30	f	f	f	0	f	f		f		2019-10-12 14:53:07-06	inicio	2019-10-12 14:53:07-06	inicio	0	his_cat_usuarios	forapi	f		0		0	0	f	0	0	0	0	t	f	t	f	f	0	f	0	f	50	\N
107	27	126321	5	fecha_alta	18	0						0	50	0	40	30	f	f	f	0	f	t		f		2019-10-12 14:53:07-06	inicio	2019-10-12 14:53:07-06	inicio	0	menus_movtos	forapi	f		0		0	0	f	0	0	0	0	t	f	t	f	f	0	f	0	f	50	\N
109	30	126370	5	idsubvista	0	0	menus	descripcion	idmenu			0	50	0	40	30	f	f	f	0	f	f		f		2019-10-12 14:53:07-06	inicio	2019-10-12 14:53:07-06	inicio	0	menus_subvistas	forapi	f		0	forapi	0	0	f	0	0	0	0	t	f	t	f	f	0	f	0	f	50	\N
110	26	126296	6	usuario_alta	24	0						0	60	0	40	30	f	f	f	0	f	t		f	Usuario hizo el alta 	2019-10-12 14:53:07-06	inicio	2019-10-12 14:53:07-06	inicio	0	menus_log	forapi	f		0		0	0	f	0	0	0	0	t	f	t	f	f	0	f	0	f	60	\N
111	5	126104	6	puesto	30	0						0	60	0	40	30	f	f	f	0	f	f		f		2019-10-12 14:53:07-06	inicio	2019-10-12 14:53:07-06	inicio	0	his_cat_usuarios	forapi	f		0		0	0	f	0	0	0	0	t	f	t	f	f	0	f	0	f	60	\N
112	27	126321	6	usuario_alta	24	0						0	60	0	40	30	f	f	f	0	f	t		f		2019-10-12 14:53:07-06	inicio	2019-10-12 14:53:07-06	inicio	0	menus_movtos	forapi	f		0		0	0	f	0	0	0	0	t	f	t	f	f	0	f	0	f	60	\N
114	3	126048	6	Usuario modifico	30	0						0	60	0	40	30	f	f	f	0	f	t		f		2019-10-12 14:53:07-06	inicio	2019-10-12 14:53:07-06	inicio	0	cat_usuarios_pg_group	forapi	f		0		0	0	f	0	0	0	0	t	f	t	f	f	0	f	0	f	60	\N
115	7	126274	6	fecha_alta	18	0						0	60	0	40	30	f	f	f	0	f	t		f		2019-10-12 14:53:07-06	inicio	2019-10-12 14:53:07-06	inicio	0	menus_eventos	forapi	f		0		0	0	f	0	0	0	0	t	f	t	f	f	0	f	0	f	60	\N
116	12	126283	6	usuario_alta	24	24						0	60	0	40	30	f	f	f	0	f	t		f		2019-10-12 14:53:07-06	inicio	2019-10-12 14:53:07-06	inicio	0	menus_htmltable	forapi	f		0		0	0	f	0	0	0	0	t	f	t	f	f	0	f	0	f	60	\N
117	1	126341	6	tdelete	1	1						0	16	0	40	30	f	f	f	0	f	f		f		2019-10-12 14:53:07-06	inicio	2019-10-12 14:53:07-06	inicio	0	menus_pg_tables	forapi	f		0		0	0	f	0	0	0	0	t	f	t	f	f	0	f	0	f	16	\N
118	30	126370	6	funcion	0	0						0	60	0	40	30	f	f	f	0	f	f		f	Funcion que se va a ejecutar en el servidor	2019-10-12 14:53:07-06	inicio	2019-10-12 14:53:07-06	inicio	0	menus_subvistas	forapi	f		0		0	0	f	0	0	0	0	t	f	t	f	f	0	f	0	f	60	\N
121	7	126274	7	usuario_alta	24	0						0	70	0	40	30	f	f	f	0	f	t		f		2019-10-12 14:53:07-06	inicio	2019-10-12 14:53:07-06	inicio	0	menus_eventos	forapi	f		0		0	0	f	0	0	0	0	t	f	t	f	f	0	f	0	f	70	\N
126	16	2842	7	canlogin	0	0						0	0	0	40	30	f	f	f	0	f	t	0	f		2019-10-12 14:53:07-06	inicio	2019-10-12 14:53:07-06	inicio	0	pg_authid	pg_catalog	f		0		0	0	f	0	0	0	0	t	f	t	f	f	0	f	0	t	0	\N
127	11	126000	7	Mail	20	0						0	70	0	40	30	f	f	f	0	f	f		f		2019-10-12 14:53:07-06	inicio	2019-10-12 14:53:07-06	inicio	0	cat_usuarios	forapi	f		0		0	0	f	1	0	0	0	t	f	t	f	f	0	f	0	f	70	\N
119	18	126000	6	Depto	20	50						0	60	0	40	30	f	f	f	0	f	t		f		2019-10-12 14:53:07-06	inicio	2019-10-12 14:53:07-06	inicio	0	cat_usuarios	forapi	f		0		0	0	f	0	0	0	0	t	f	t	f	f	0	f	0	f	80	col-md-6
124	17	126000	7	Mail	20	0						0	70	0	40	30	f	f	f	0	f	f		f		2019-10-12 14:53:07-06	inicio	2019-10-12 14:53:07-06	inicio	0	cat_usuarios	forapi	f		0		0	0	f	1	0	0	0	t	f	t	f	f	0	f	0	f	60	col-md-6
108	20	126222	5	Descripcion	30	0						0	140	0	40	30	t	f	f	0	f	f		f	Descripcion del campo en la vista	2019-10-12 14:53:07-06	inicio	2019-10-12 14:53:07-06	inicio	0	menus_campos	forapi	f		0		0	0	f	0	0	0	0	t	f	t	f	f	0	f	0	f	100	col-md-6
120	20	126222	6	Tamaño	30	2						0	150	0	40	30	f	f	f	0	f	f		f	size en el html, para el caso de select la cantidad de renglones	2019-10-12 14:53:07-06	inicio	2019-10-12 14:53:07-06	inicio	0	menus_campos	forapi	f		0		0	0	f	0	0	0	0	t	f	t	f	f	0	f	0	f	100	col-md-6
122	27	126321	7	fecha_modifico	18	0						0	70	0	40	30	f	f	f	0	f	t		f		2019-10-12 14:53:07-06	inicio	2019-10-12 14:53:07-06	inicio	0	menus_movtos	forapi	f		0		0	0	f	0	0	0	0	t	f	t	f	f	0	f	0	f	70	\N
123	2	126000	7	Correo Electronico	30	0						0	70	0	40	30	f	f	f	0	f	t		f		2019-10-12 14:53:07-06	inicio	2019-10-12 14:53:07-06	inicio	0	cat_usuarios	forapi	f		0		0	0	f	0	0	0	0	t	f	t	f	f	0	f	0	f	70	\N
128	30	126370	7	dialogwidth	0	0						0	70	0	40	30	f	f	f	0	f	f		f	El ancho que va a tener la subvista	2019-10-12 14:53:07-06	inicio	2019-10-12 14:53:07-06	inicio	0	menus_subvistas	forapi	f		0		0	0	f	0	0	0	0	t	f	t	f	f	0	f	0	f	70	\N
129	12	126283	7	fecha_modifico	18	-1						0	70	0	40	30	f	f	f	0	f	t		f		2019-10-12 14:53:07-06	inicio	2019-10-12 14:53:07-06	inicio	0	menus_htmltable	forapi	f		0		0	0	f	0	0	0	0	t	f	t	f	f	0	f	0	f	70	\N
130	4	126000	7	Correo	20	50						0	70	0	40	30	f	f	f	0	f	f		f		2019-10-12 14:53:07-06	inicio	2019-10-12 14:53:07-06	inicio	0	cat_usuarios	forapi	f		0		0	0	f	0	0	0	0	t	f	t	f	f	0	f	0	f	70	\N
133	5	126104	7	depto	30	0						0	70	0	40	30	f	f	f	0	f	f		f		2019-10-12 14:53:07-06	inicio	2019-10-12 14:53:07-06	inicio	0	his_cat_usuarios	forapi	f		0		0	0	f	0	0	0	0	t	f	t	f	f	0	f	0	f	70	\N
134	1	126341	7	tall	1	1						0	17	0	40	30	f	f	f	0	f	f		f		2019-10-12 14:53:07-06	inicio	2019-10-12 14:53:07-06	inicio	0	menus_pg_tables	forapi	f		0		0	0	f	0	0	0	0	t	f	t	f	f	0	f	0	f	17	\N
135	3	126048	7	Grupo:	0	0	pg_group	groname	groname			0	15	0	40	30	t	t	f	0	f	f		f		2019-10-12 14:53:07-06	inicio	2019-10-12 14:53:07-06	inicio	0	cat_usuarios_pg_group	forapi	f		0	pg_catalog	0	0	f	0	0	0	0	t	f	t	f	f	0	f	0	f	15	\N
136	26	126296	7	Es movil:	0	0						0	180	0	40	30	f	f	f	0	f	t		f		2019-10-12 14:53:07-06	inicio	2019-10-12 14:53:07-06	inicio	0	menus_log	forapi	f		0		0	0	f	0	0	0	0	t	f	t	f	f	0	f	0	f	180	\N
138	27	126321	8	usuario_modifico	24	0						0	80	0	40	30	f	f	f	0	f	t		f		2019-10-12 14:53:07-06	inicio	2019-10-12 14:53:07-06	inicio	0	menus_movtos	forapi	f		0		0	0	f	0	0	0	0	t	f	t	f	f	0	f	0	f	80	\N
139	30	126370	8	dialogheight	0	0						0	80	0	40	30	f	f	f	0	f	f		f	La altura que va a tener la subvista	2019-10-12 14:53:07-06	inicio	2019-10-12 14:53:07-06	inicio	0	menus_subvistas	forapi	f		0		0	0	f	0	0	0	0	t	f	t	f	f	0	f	0	f	80	\N
140	1	126341	8	fecha_alta	0	0						0	19	0	40	30	f	f	f	0	f	t		f		2019-10-12 14:53:07-06	inicio	2019-10-12 14:53:07-06	inicio	0	menus_pg_tables	forapi	f		0		0	0	f	0	0	0	0	t	f	t	f	f	0	f	0	f	19	\N
143	21	126331	8	Grupo	30	30						0	30	0	40	30	t	f	f	0	f	f		t		2019-10-12 14:53:07-06	inicio	2019-10-12 14:53:07-06	inicio	0	menus_pg_group	forapi	f		0		0	0	f	0	0	0	0	t	f	t	f	f	0	f	0	f	30	\N
144	5	126104	8	correoe	30	0						0	80	0	40	30	f	f	f	0	f	f		f		2019-10-12 14:53:07-06	inicio	2019-10-12 14:53:07-06	inicio	0	his_cat_usuarios	forapi	f		0		0	0	f	0	0	0	0	t	f	t	f	f	0	f	0	f	80	\N
145	7	126274	8	fecha_modifico	18	0						0	80	0	40	30	f	f	f	0	f	t		f		2019-10-12 14:53:07-06	inicio	2019-10-12 14:53:07-06	inicio	0	menus_eventos	forapi	f		0		0	0	f	0	0	0	0	t	f	t	f	f	0	f	0	f	80	\N
147	12	126283	8	usuario_modifico	24	24						0	80	0	40	30	f	f	f	0	f	t		f		2019-10-12 14:53:07-06	inicio	2019-10-12 14:53:07-06	inicio	0	menus_htmltable	forapi	f		0		0	0	f	0	0	0	0	t	f	t	f	f	0	f	0	f	80	\N
149	1	126341	9	fecha_modifico	0	0						0	20	0	40	30	f	f	f	0	f	t		f		2019-10-12 14:53:07-06	inicio	2019-10-12 14:53:07-06	inicio	0	menus_pg_tables	forapi	f		0		0	0	f	0	0	0	0	t	f	t	f	f	0	f	0	f	20	\N
150	26	126296	9	IP:	0	0						0	150	0	40	30	f	f	f	0	f	t		f		2019-10-12 14:53:07-06	inicio	2019-10-12 14:53:07-06	inicio	0	menus_log	forapi	f		0		0	0	f	0	0	0	0	t	f	t	f	f	0	f	0	f	150	\N
142	14	126182	8	PHP	20	30						0	40	0	40	30	f	f	f	0	f	f		f		2019-10-12 14:53:07-06	inicio	2019-10-12 14:53:07-06	inicio	0	menus	forapi	f		0		0	0	f	1	0	0	0	t	f	t	f	f	0	f	0	f	40	col-md-6
132	20	126222	7	Longitud	30	4						0	160	0	40	30	f	f	f	0	f	f		f	Maxima longitud permitida en el html	2019-10-12 14:53:07-06	inicio	2019-10-12 14:53:07-06	inicio	0	menus_campos	forapi	f		0		0	0	f	0	0	0	0	t	f	t	f	f	0	f	0	f	120	col-md-6
137	20	126222	8	Fuente	1	0	tablas	relname	relname	fuente_nspname		1	170	0	40	30	f	f	f	0	f	f		f	Para el campo select se indica la tabla que se va utilizar para seleccionar los valores	2019-10-12 14:53:07-06	inicio	2019-10-12 14:53:07-06	inicio	0	menus_campos	forapi	f		1	forapi	0	0	f	0	0	0	0	t	f	t	f	f	0	f	0	f	360	col-md-6
146	26	126296	8	Browser:	0	0						0	160	0	40	30	f	f	f	0	f	t		f		2019-10-12 14:53:07-06	inicio	2019-10-12 14:53:07-06	inicio	0	menus_log	forapi	f		0		0	0	f	0	0	0	0	t	f	t	f	f	0	f	0	f	160	\N
151	11	126000	9	Fecha alta	20	14						0	200	0	40	30	f	f	f	0	f	t		f		2019-10-12 14:53:07-06	inicio	2019-10-12 14:53:07-06	inicio	0	cat_usuarios	forapi	f		0		0	0	f	1	0	0	0	t	f	t	f	f	0	f	0	f	200	\N
152	5	126104	9	direccion_ip	30	0						0	90	0	40	30	f	f	f	0	f	f		f		2019-10-12 14:53:07-06	inicio	2019-10-12 14:53:07-06	inicio	0	his_cat_usuarios	forapi	f		0		0	0	f	0	0	0	0	t	f	t	f	f	0	f	0	f	90	\N
156	30	126370	9	Esboton	1	1						0	150	0	40	30	f	f	f	0	f	f		f	0=link,1=boton,2=menu select	2019-10-12 14:53:07-06	inicio	2019-10-12 14:53:07-06	inicio	0	menus_subvistas	forapi	f		0		0	0	f	0	0	0	0	t	f	t	f	f	0	f	0	f	150	\N
157	7	126274	9	usuario_modifico	24	0						0	90	0	40	30	f	f	f	0	f	t		f		2019-10-12 14:53:07-06	inicio	2019-10-12 14:53:07-06	inicio	0	menus_eventos	forapi	f		0		0	0	f	0	0	0	0	t	f	t	f	f	0	f	0	f	90	\N
159	1	126341	10	usuario_alta	0	0						0	21	0	40	30	f	f	f	0	f	t		f		2019-10-12 14:53:07-06	inicio	2019-10-12 14:53:07-06	inicio	0	menus_pg_tables	forapi	f		0		0	0	f	0	0	0	0	t	f	t	f	f	0	f	0	f	21	\N
160	26	126296	10	Mensaje:	1	1	menus_mensajes	mensaje	idmensaje			0	50	0	40	30	f	t	f	0	f	f		f		2019-10-12 14:53:07-06	inicio	2019-10-12 14:53:07-06	inicio	0	menus_log	forapi	f		0	forapi	0	0	f	0	0	0	0	t	f	t	f	f	0	f	0	f	50	\N
161	11	126000	10	Fecha modifico	20	14						0	220	0	40	30	f	f	f	0	f	t		f		2019-10-12 14:53:07-06	inicio	2019-10-12 14:53:07-06	inicio	0	cat_usuarios	forapi	f		0		0	0	f	1	0	0	0	t	f	t	f	f	0	f	0	f	220	\N
164	30	126370	10	donde	0	0						0	100	0	40	30	f	f	f	0	f	f		f	En donde se va a ejecutar el evento antes de abrir la subvista 0=cliente 1=servidor	2019-10-12 14:53:07-06	inicio	2019-10-12 14:53:07-06	inicio	0	menus_subvistas	forapi	f		0		0	0	f	0	0	0	0	t	f	t	f	f	0	f	0	f	100	\N
165	12	126283	10	Orden del grupo:	3	3						0	45	0	40	30	f	f	f	0	f	f		f		2019-10-12 14:53:07-06	inicio	2019-10-12 14:53:07-06	inicio	0	menus_htmltable	forapi	f		0		0	0	f	0	0	0	0	t	f	t	f	f	0	f	0	f	45	\N
166	5	126104	10	fecha_alta	18	0						0	100	0	40	30	f	f	f	0	f	t		f		2019-10-12 14:53:07-06	inicio	2019-10-12 14:53:07-06	inicio	0	his_cat_usuarios	forapi	f		0		0	0	f	0	0	0	0	t	f	t	f	f	0	f	0	f	100	\N
171	1	126341	11	usuario_modifico	0	0						0	22	0	40	30	f	f	f	0	f	t		f		2019-10-12 14:53:07-06	inicio	2019-10-12 14:53:07-06	inicio	0	menus_pg_tables	forapi	f		0		0	0	f	0	0	0	0	t	f	t	f	f	0	f	0	f	22	\N
172	5	126104	11	fecha_modifico	18	0						0	110	0	40	30	f	f	f	0	f	t		f		2019-10-12 14:53:07-06	inicio	2019-10-12 14:53:07-06	inicio	0	his_cat_usuarios	forapi	f		0		0	0	f	0	0	0	0	t	f	t	f	f	0	f	0	f	110	\N
173	11	126000	11	Usuario alta	20	20						0	210	0	40	30	f	f	f	0	f	t		f		2019-10-12 14:53:07-06	inicio	2019-10-12 14:53:07-06	inicio	0	cat_usuarios	forapi	f		0		0	0	f	1	0	0	0	t	f	t	f	f	0	f	0	f	210	\N
201	14	126182	15	Columnas	20	5						0	57	0	40	30	t	f	f	0	f	f		f		2019-10-12 14:53:07-06	inicio	2019-10-12 14:53:07-06	inicio	0	menus	forapi	f		0		0	0	f	1	0	0	0	t	f	t	f	f	0	f	0	f	80	col-md-6
154	18	126000	9	Fecha alta	20	14						0	90	0	40	30	f	f	f	0	f	t		f		2019-10-12 14:53:07-06	inicio	2019-10-12 14:53:07-06	inicio	0	cat_usuarios	forapi	f		0		0	0	f	0	0	0	0	t	f	t	f	f	0	f	0	f	100	col-md-6
153	17	126000	9	Fecha alta	20	14						0	200	0	40	30	f	f	f	0	f	t		f		2019-10-12 14:53:07-06	inicio	2019-10-12 14:53:07-06	inicio	0	cat_usuarios	forapi	f		0		0	0	f	1	0	0	0	t	f	t	f	f	0	f	0	f	120	col-md-6
162	18	126000	10	Fecha modifico	20	14						0	100	0	40	30	f	f	f	0	f	t		f		2019-10-12 14:53:07-06	inicio	2019-10-12 14:53:07-06	inicio	0	cat_usuarios	forapi	f		0		0	0	f	0	0	0	0	t	f	t	f	f	0	f	0	f	100	col-md-6
158	20	126222	9	Descripcion	1	0	campos	attname	attname	fuente_nspname,fuente		2	180	0	40	30	f	f	f	0	f	f		f	se indica el nombre del campo en que va mostrar en la seleccion	2019-10-12 14:53:07-06	inicio	2019-10-12 14:53:07-06	inicio	0	menus_campos	forapi	f		1	forapi	0	0	f	0	0	0	0	t	f	t	f	f	0	f	0	f	380	col-md-6
163	20	126222	10	Liga	1	0	campos	attname	attname	fuente_nspname,fuente		2	190	0	40	30	f	f	f	0	f	f		f	se indica el nombre del campo del cual vale la descripcion	2019-10-12 14:53:07-06	inicio	2019-10-12 14:53:07-06	inicio	0	menus_campos	forapi	f		1	forapi	0	0	f	0	0	0	0	t	f	t	f	f	0	f	0	f	380	col-md-6
170	30	126370	11	eventos_antes	0	0						0	110	0	40	30	f	f	f	0	f	f		f	Funcion que se va a ejecutar antes de abrir la subvista	2019-10-12 14:53:07-06	inicio	2019-10-12 14:53:07-06	inicio	0	menus_subvistas	forapi	f		0		0	0	f	0	0	0	0	t	f	t	f	f	0	f	0	f	110	\N
178	1	126341	12	tgrant	1	1						0	18	0	40	30	f	f	f	0	f	f		f		2019-10-12 14:53:07-06	inicio	2019-10-12 14:53:07-06	inicio	0	menus_pg_tables	forapi	f		0		0	0	f	0	0	0	0	t	f	t	f	f	0	f	0	f	18	\N
180	30	126370	12	eventos_despues	0	0						0	120	0	40	30	f	f	f	0	f	f		f	Funcion que se va a ejecutar despues de abrir la subvista	2019-10-12 14:53:07-06	inicio	2019-10-12 14:53:07-06	inicio	0	menus_subvistas	forapi	f		0		0	0	f	0	0	0	0	t	f	t	f	f	0	f	0	f	120	\N
181	11	126000	12	Usuario modifico	20	20						0	230	0	40	30	f	f	f	0	f	t		f		2019-10-12 14:53:07-06	inicio	2019-10-12 14:53:07-06	inicio	0	cat_usuarios	forapi	f		0		0	0	f	1	0	0	0	t	f	t	f	f	0	f	0	f	230	\N
183	5	126104	12	idpregunta	4	0						0	120	0	40	30	f	f	f	0	f	t		f		2019-10-12 14:53:07-06	inicio	2019-10-12 14:53:07-06	inicio	0	his_cat_usuarios	forapi	f		0		0	0	f	0	0	0	0	t	f	t	f	f	0	f	0	f	120	\N
184	11	126000	13	Pregunta	1	1	cat_preguntas	descripcion	idpregunta			0	130	0	40	30	f	f	f	0	f	f		f		2019-10-12 14:53:07-06	inicio	2019-10-12 14:53:07-06	inicio	0	cat_usuarios	forapi	f		0	forapi	0	0	f	1	0	0	0	t	f	t	f	f	0	f	0	f	130	\N
186	4	126000	13	Pregunta	3	2	cat_preguntas	descripcion	idpregunta			0	130	0	40	30	t	f	f	0	f	f		f		2019-10-12 14:53:07-06	inicio	2019-10-12 14:53:07-06	inicio	0	cat_usuarios	forapi	f		0	forapi	0	0	f	0	0	0	0	t	f	t	f	f	0	f	0	f	130	\N
187	1	126341	13	Esquema	0	0	pg_namespace	nspname	nspname			0	5	0	40	30	t	f	f	0	f	f		t		2019-10-12 14:53:07-06	inicio	2019-10-12 14:53:07-06	inicio	0	menus_pg_tables	forapi	f		0	pg_catalog	0	0	f	0	0	0	0	t	f	t	f	f	0	f	0	f	5	\N
189	30	126370	13	campo_filtro	0	0						0	130	0	40	30	f	f	f	0	f	f		f	Nombre del campo de la subvista el cual se va hacer el filtro, mas de uno es separado por ;	2019-10-12 14:53:07-06	inicio	2019-10-12 14:53:07-06	inicio	0	menus_subvistas	forapi	f		0		0	0	f	0	0	0	0	t	f	t	f	f	0	f	0	f	130	\N
190	2	126000	13	idpregunta	4	0	cat_preguntas	descripcion	idpregunta			0	130	0	40	30	f	f	f	0	f	t		f		2019-10-12 14:53:07-06	inicio	2019-10-12 14:53:07-06	inicio	0	cat_usuarios	forapi	f		0	forapi	0	0	f	0	0	0	0	t	f	t	f	f	0	f	0	f	130	\N
192	5	126104	13	respuesta	30	0						0	130	0	40	30	f	f	f	0	f	f		f		2019-10-12 14:53:07-06	inicio	2019-10-12 14:53:07-06	inicio	0	his_cat_usuarios	forapi	f		0		0	0	f	0	0	0	0	t	f	t	f	f	0	f	0	f	130	\N
194	4	126000	14	Respuesta	20	50						0	140	0	40	30	t	f	f	0	f	f		f		2019-10-12 14:53:07-06	inicio	2019-10-12 14:53:07-06	inicio	0	cat_usuarios	forapi	f		0		0	0	f	0	0	0	0	t	f	t	f	f	0	f	0	f	140	\N
195	30	126370	14	valor_padre	0	0						0	140	0	40	30	f	f	f	0	f	f		f	Valor del campo padre, este lo toma de los campos de captura	2019-10-12 14:53:07-06	inicio	2019-10-12 14:53:07-06	inicio	0	menus_subvistas	forapi	f		0		0	0	f	0	0	0	0	t	f	t	f	f	0	f	0	f	140	\N
174	20	126222	11	Filtros	30	0						0	200	0	40	30	f	f	f	0	f	f		f	se indica el nombre del campo del cual tiene un filtro, si hay varios separados por, se liga campos de la fuente contra campos de la tabla del menu, si el filtro compara que no son iguales esto se incluye con un;	2019-10-12 14:53:07-06	inicio	2019-10-12 14:53:07-06	inicio	0	menus_campos	forapi	f		1		0	0	f	0	0	0	0	t	f	t	f	f	0	f	0	f	400	col-md-6
179	17	126000	12	Usuario modifico	20	20						0	230	0	40	30	f	f	f	0	f	t		f		2019-10-12 14:53:07-06	inicio	2019-10-12 14:53:07-06	inicio	0	cat_usuarios	forapi	f		0		0	0	f	1	0	0	0	t	f	t	f	f	0	f	0	f	160	col-md-6
176	20	126222	12	Condicion WHERE	30	0						0	202	0	40	30	f	f	f	0	f	f		f	Filtro a aplicar en la fuente si queremos que tome valores de la pantalla al nombre hay que anteponer wl_	2019-10-12 14:53:07-06	inicio	2019-10-12 14:53:07-06	inicio	0	menus_campos	forapi	f		1		0	0	f	0	0	0	0	t	f	t	f	f	0	f	0	f	400	col-md-6
175	18	126000	11	Usuario alta	20	20						0	110	0	40	30	f	f	f	0	f	t		f		2019-10-12 14:53:07-06	inicio	2019-10-12 14:53:07-06	inicio	0	cat_usuarios	forapi	f		0		0	0	f	0	0	0	0	t	f	t	f	f	0	f	0	f	120	col-md-6
213	17	126000	16	Telefono	20	30						0	75	0	40	30	f	f	f	0	f	f		f		2019-10-12 14:53:07-06	inicio	2019-10-12 14:53:07-06	inicio	0	cat_usuarios	forapi	f		0		0	0	f	1	0	0	0	t	f	t	f	f	0	f	0	f	60	col-md-6
196	5	126104	14	estatus	4	0						0	140	0	40	30	f	f	f	0	f	t		f		2019-10-12 14:53:07-06	inicio	2019-10-12 14:53:07-06	inicio	0	his_cat_usuarios	forapi	f		0		0	0	f	0	0	0	0	t	f	t	f	f	0	f	0	f	140	\N
200	11	126000	14	Respuesta	20	100						0	140	0	40	30	f	f	f	0	f	f		f		2019-10-12 14:53:07-06	inicio	2019-10-12 14:53:07-06	inicio	0	cat_usuarios	forapi	f		0		0	0	f	1	0	0	0	t	f	t	f	f	0	f	0	f	140	\N
202	11	126000	15	Estatus	1	5	estados_usuarios	descripcion	estado			0	150	0	40	30	f	t	f	0	f	f		f		2019-10-12 14:53:07-06	inicio	2019-10-12 14:53:07-06	inicio	0	cat_usuarios	forapi	f		0	forapi	0	0	f	1	0	0	0	t	f	t	f	f	0	f	0	f	150	\N
203	5	126104	15	telefono	30	0						0	150	0	40	30	f	f	f	0	f	f		f		2019-10-12 14:53:07-06	inicio	2019-10-12 14:53:07-06	inicio	0	his_cat_usuarios	forapi	f		0		0	0	f	0	0	0	0	t	f	t	f	f	0	f	0	f	150	\N
205	30	126370	15	fecha_alta	0	0						0	150	0	40	30	f	f	f	0	f	t		f	Fecha en que el usuario dio de alta el registro	2019-10-12 14:53:07-06	inicio	2019-10-12 14:53:07-06	inicio	0	menus_subvistas	forapi	f		0		0	0	f	0	0	0	0	t	f	t	f	f	0	f	0	f	150	\N
206	15	126000	15	Estatus	10	5						0	150	0	40	30	f	f	f	0	f	t		f		2019-10-12 14:53:07-06	inicio	2019-10-12 14:53:07-06	inicio	0	cat_usuarios	forapi	f		0		0	0	f	0	0	0	0	t	f	t	f	f	0	f	0	f	150	\N
210	11	126000	16	Telefono	20	30						0	75	0	40	30	f	f	f	0	f	f		f		2019-10-12 14:53:07-06	inicio	2019-10-12 14:53:07-06	inicio	0	cat_usuarios	forapi	f		0		0	0	f	1	0	0	0	t	f	t	f	f	0	f	0	f	75	\N
211	5	126104	16	cve_movto	5	0						0	160	0	40	30	f	f	f	0	f	t		f		2019-10-12 14:53:07-06	inicio	2019-10-12 14:53:07-06	inicio	0	his_cat_usuarios	forapi	f		0		0	0	f	0	0	0	0	t	f	t	f	f	0	f	0	f	160	\N
219	30	126370	18	usuario_modifico	0	0						0	180	0	40	30	f	f	f	0	f	t		f	Usuario que modifico el registro	2019-10-12 14:53:07-06	inicio	2019-10-12 14:53:07-06	inicio	0	menus_subvistas	forapi	f		0		0	0	f	0	0	0	0	t	f	t	f	f	0	f	0	f	180	\N
221	30	126370	19	Clase	0	0						0	58	0	40	30	f	f	f	0	f	f		f	Clase que se va a ejecutar en el servidor	2019-10-12 14:53:07-06	inicio	2019-10-12 14:53:07-06	inicio	0	menus_subvistas	forapi	f		0		0	0	f	0	0	0	0	t	f	t	f	f	0	f	0	f	58	\N
212	14	126182	16	Tabla	1	30	tablas	relname	relname	nspname		2	55	0	40	30	f	t	f	0	f	f		f		2019-10-12 14:53:07-06	inicio	2019-10-12 14:53:07-06	inicio	0	menus	forapi	f		0	forapi	0	0	f	1	0	0	0	t	f	t	f	f	0	f	0	f	60	col-md-6
198	18	126000	14	Respuesta	20	100						0	140	0	40	30	f	f	f	0	f	t		f		2019-10-12 14:53:07-06	inicio	2019-10-12 14:53:07-06	inicio	0	cat_usuarios	forapi	f		0		0	0	f	0	0	0	0	t	f	t	f	f	0	f	0	f	140	col-md-6
207	18	126000	15	Estatus	10	5						0	150	0	40	30	f	f	f	0	f	t		f		2019-10-12 14:53:07-06	inicio	2019-10-12 14:53:07-06	inicio	0	cat_usuarios	forapi	f		0		0	0	f	0	0	0	0	t	f	t	f	f	0	f	0	f	160	col-md-6
191	17	126000	13	Pregunta	1	1	cat_preguntas	descripcion	idpregunta			0	130	0	40	30	f	f	f	0	f	f		f		2019-10-12 14:53:07-06	inicio	2019-10-12 14:53:07-06	inicio	0	cat_usuarios	forapi	f		0	forapi	0	0	f	1	0	0	0	t	f	t	f	f	0	f	0	f	80	col-md-6
199	20	126222	14	Orden	30	0						0	135	0	40	30	f	f	f	0	f	f		f	Campo por el cual se va a ordenar la información	2019-10-12 14:53:07-06	inicio	2019-10-12 14:53:07-06	inicio	0	menus_campos	forapi	f		0		0	0	f	0	0	0	0	t	f	t	f	f	0	f	0	f	80	col-md-6
208	20	126222	15	Subvista	30	0						0	300	0	40	30	f	f	f	0	f	f		f	Si el campos tiene una subvista, habre este numbero de subvista	2019-10-12 14:53:07-06	inicio	2019-10-12 14:53:07-06	inicio	0	menus_campos	forapi	f		0		0	0	f	0	0	0	0	t	f	t	f	f	0	f	0	f	120	col-md-6
209	20	126222	16	Ancho Subvista	30	0						0	320	0	40	30	f	f	f	0	f	f		f	Ancho de la subvista 	2019-10-12 14:53:07-06	inicio	2019-10-12 14:53:07-06	inicio	0	menus_campos	forapi	f		0		0	0	f	0	0	0	0	t	f	t	f	f	0	f	0	f	140	col-md-6
214	30	126370	16	usuario_alta	0	0						0	160	0	40	30	f	f	f	0	f	t		f	Usuario que dio de alta el registro	2019-10-12 14:53:07-06	inicio	2019-10-12 14:53:07-06	inicio	0	menus_subvistas	forapi	f		0		0	0	f	0	0	0	0	t	f	t	f	f	0	f	0	f	160	\N
215	5	126104	17	id_personas	8	0						0	170	0	40	30	f	f	f	0	f	f		f		2019-10-12 14:53:07-06	inicio	2019-10-12 14:53:07-06	inicio	0	his_cat_usuarios	forapi	f		0		0	0	f	0	0	0	0	t	f	t	f	f	0	f	0	f	170	\N
216	30	126370	17	fecha_modifico	0	0						0	170	0	40	30	f	f	f	0	f	t		f	Fecha en que el usuario modifico el registro	2019-10-12 14:53:07-06	inicio	2019-10-12 14:53:07-06	inicio	0	menus_subvistas	forapi	f		0		0	0	f	0	0	0	0	t	f	t	f	f	0	f	0	f	170	\N
224	30	126370	20	Posicion	1	1						0	145	0	0	0	f	f	f	0	f	f		f	posicion dondes se ubica el boton o subvistas 0=registro, 1=cabecera	2019-10-12 14:53:07-06	inicio	2019-10-12 14:53:07-06	inicio	0	menus_subvistas	forapi	f		0		0	0	f	0	0	0	0	t	f	t	f	f	0	f	0	f	145	\N
228	4	126000	21	Password	20	30						0	240	0	40	30	t	f	f	0	f	f		f		2019-10-12 14:53:07-06	inicio	2019-10-12 14:53:07-06	inicio	1	cat_usuarios	forapi	f		0		0	0	f	0	0	0	0	t	f	t	f	f	0	f	0	f	240	\N
231	11	126000	21	pwd	20	20						0	240	0	40	30	f	f	f	0	f	f		f		2019-10-12 14:53:07-06	inicio	2019-10-12 14:53:07-06	inicio	0	cat_usuarios	forapi	f		0		0	0	f	1	0	0	0	t	f	t	f	f	0	f	0	f	240	\N
232	30	126370	21	Orden	4	4						0	0	0	0	0	f	f	f	0	f	f		f		2019-10-12 14:53:07-06	inicio	2019-10-12 14:53:07-06	inicio	0	menus_subvistas	forapi	f		0		0	0	f	0	0	0	0	t	f	t	f	f	0	f	0	f	0	\N
236	30	126370	22	Ventana	1	1						0	65	0	40	30	f	f	f	0	f	f		f	0=showModalDialog,1=showModelessDialog,2=open,3=misma ventana	2019-10-12 14:53:07-06	inicio	2019-10-12 14:53:07-06	inicio	0	menus_subvistas	forapi	f		0		0	0	f	0	0	0	0	t	f	t	f	f	0	f	0	f	65	\N
220	14	126182	18	Filtro	20	255						0	70	0	40	30	f	f	f	0	f	f		f		2019-10-12 14:53:07-06	inicio	2019-10-12 14:53:07-06	inicio	0	menus	forapi	f		0		0	0	f	1	0	0	0	t	f	t	f	f	0	f	0	f	120	col-md-6
230	19	126000	21	Password	30	30						0	240	0	40	30	t	f	f	0	f	f		f		2019-10-12 14:53:07-06	inicio	2019-10-12 14:53:07-06	inicio	1	cat_usuarios	forapi	f		0		0	0	f	0	0	0	0	t	f	t	f	f	0	f	0	f	80	col-md-6
234	14	126182	22	Ancho de ventana	20	10						0	120	0	40	30	f	f	f	0	f	f		f	Ancho en abrir la subvista esta en pixeles	2019-10-12 14:53:07-06	inicio	2019-10-12 14:53:07-06	inicio	0	menus	forapi	f		0		0	0	f	1	0	0	0	t	f	t	f	f	0	f	0	f	140	col-md-6
260	20	126222	33	Esquema	1	0	pg_namespace	nspname	nspname			0	123	0	40	30	t	f	f	0	f	f		f		2019-10-12 14:53:07-06	inicio	2019-10-12 14:53:07-06	inicio	0	menus_campos	forapi	f		0	pg_catalog	0	0	f	0	0	0	0	t	f	t	f	f	0	f	0	f	40	col-md-6
258	20	126222	32	Tabla	1	30	tablas	relname	relname	nspname		2	125	0	40	30	f	f	f	0	f	f		f		2019-10-12 14:53:07-06	inicio	2019-10-12 14:53:07-06	inicio	0	menus_campos	forapi	f		0	forapi	0	0	f	0	0	0	0	t	f	t	f	f	0	f	0	f	60	col-md-6
217	20	126222	17	Alto Subvista	30	0						0	325	0	40	30	f	f	f	0	f	f		f	Alto de la subvista 	2019-10-12 14:53:07-06	inicio	2019-10-12 14:53:07-06	inicio	0	menus_campos	forapi	f		0		0	0	f	0	0	0	0	t	f	t	f	f	0	f	0	f	140	col-md-6
241	17	126000	24	Menu default	1	5	menus	descripcion	idmenu			0	155	0	40	30	f	f	f	0	f	f		f		2019-10-12 14:53:07-06	inicio	2019-10-12 14:53:07-06	inicio	0	cat_usuarios	forapi	f		0	forapi	0	0	f	1	0	0	0	t	f	t	f	f	0	f	0	f	120	col-md-6
238	11	126000	23	Tipo menu	20	5						0	145	0	0	0	f	f	f	0	f	f		f	0=normal 1=vertical 2=horizontal	2019-10-12 14:53:07-06	inicio	2019-10-12 14:53:07-06	inicio	0	cat_usuarios	forapi	f		0		0	0	f	1	0	0	0	t	f	t	f	f	0	f	0	f	145	\N
252	19	126000	29	Numero de telefono:	30	50						0	70	0	40	30	t	f	f	2	f	f		f		2019-10-12 14:53:07-06	inicio	2019-10-12 14:53:07-06	inicio	0	cat_usuarios	forapi	f		0		0	0	f	0	0	0	0	t	f	t	f	f	0	f	0	f	60	col-md-6
243	11	126000	24	Menu default	1	5	menus	descripcion	idmenu			0	155	0	40	30	f	f	f	0	f	f		f		2019-10-12 14:53:07-06	inicio	2019-10-12 14:53:07-06	inicio	0	cat_usuarios	forapi	f		0	forapi	0	0	f	1	0	0	0	t	f	t	f	f	0	f	0	f	155	\N
263	20	126222	35	Validacion	30	30						0	1200	0	40	30	f	f	f	0	f	f		f	Indica la validacion especial que se incorpora para este campo	2019-10-12 14:53:07-06	inicio	2019-10-12 14:53:07-06	inicio	0	menus_campos	forapi	f		0		0	0	f	0	0	0	0	t	f	t	f	f	0	f	0	f	260	col-md-6
248	20	126222	26	Tip de ayuda	30	255						0	1200	0	40	30	f	f	f	0	f	f		f	Ayuda que se muestra cuando es mouse esta en el campo	2019-10-12 14:53:07-06	inicio	2019-10-12 14:53:07-06	inicio	0	menus_campos	forapi	f		0		0	0	f	0	0	0	0	t	f	t	f	f	0	f	0	f	260	col-md-6
253	19	126000	30	Foto:	0	0						0	80	0	40	30	f	f	f	0	f	f		f		2019-10-12 14:53:07-06	inicio	2019-10-12 14:53:07-06	inicio	0	cat_usuarios	forapi	f		0		0	0	t	0	0	0	0	t	f	t	f	f	0	f	0	f	60	col-md-6
259	14	126182	33	Alineacion de tabla	20	10						0	200	0	40	30	f	f	f	2	f	f		f	Alto en porcentaje de la tabla de captura	2019-10-12 14:53:07-06	inicio	2019-10-12 14:53:07-06	inicio	0	menus	forapi	f		0		0	0	f	1	0	0	0	t	f	t	f	f	0	f	0	f	200	col-md-6
226	14	126182	20	Orden	20	255						0	990	0	40	30	f	f	f	0	f	f		f		2019-10-12 14:53:07-06	inicio	2019-10-12 14:53:07-06	inicio	0	menus	forapi	f		0		0	0	f	1	0	0	0	t	f	t	f	f	0	f	0	f	220	col-md-6
242	20	126222	24	Valor de Default	30	100						0	400	0	0	0	f	f	f	0	f	f		f		2019-10-12 14:53:07-06	inicio	2019-10-12 14:53:07-06	inicio	0	menus_campos	forapi	f		0		0	0	f	0	0	0	0	t	f	t	f	f	0	f	0	f	160	col-md-6
240	20	126222	23	Solo lectura?	30	0						0	900	0	40	30	f	f	f	0	f	f		f	Este dato no se puede modificar	2019-10-12 14:53:07-06	inicio	2019-10-12 14:53:07-06	inicio	0	menus_campos	forapi	f		0		0	0	f	0	0	0	0	t	f	t	f	f	0	f	0	f	240	col-md-6
246	20	126222	25	Iindex?	30	0						0	1100	0	40	30	f	f	f	0	f	f		f	Define este como index ya que existe el caso de las vistas que no tienen indices	2019-10-12 14:53:07-06	inicio	2019-10-12 14:53:07-06	inicio	0	menus_campos	forapi	f		0		0	0	f	0	0	0	0	t	f	t	f	f	0	f	0	f	240	col-md-6
262	20	126222	34	Busqueda?	30	0						0	205	0	0	0	f	f	f	0	f	f		f	En un campos con opciones se utilizar para hacer una busqueda	2019-10-12 14:53:07-06	inicio	2019-10-12 14:53:07-06	inicio	0	menus_campos	forapi	t		1		0	0	f	0	0	0	0	t	f	t	f	f	0	f	0	f	440	col-md-6
237	17	126000	23	Tipo menu	20	5						0	145	0	0	0	f	f	f	0	f	f		f	0=normal 1=vertical 2=horizontal	2019-10-12 14:53:07-06	inicio	2019-10-12 14:53:07-06	inicio	0	cat_usuarios	forapi	f		0		0	0	f	1	0	0	0	t	f	t	f	f	0	f	0	f	100	col-md-6
24	15	126000	1	Usuario	20	15						0	10	0	40	30	f	t	f	0	f	f		t		2019-10-12 14:53:07-06	inicio	2019-10-12 14:53:07-06	inicio	0	cat_usuarios	forapi	f		0		0	0	f	0	0	0	0	t	f	t	f	f	0	f	0	f	10	\N
278	20	126222	47	Permitir cambios?	30	0						0	510	0	0	0	f	f	f	0	f	f		f	Con este campo se control que no se puedan cambiar datos en cambios, especificamente sirve para los campos de busqueda	2019-10-12 14:53:07-06	inicio	2019-10-12 14:53:07-06	inicio	0	menus_campos	forapi	f		0		0	0	f	0	0	0	0	f	f	t	f	f	0	f	0	f	200	col-md-6
167	14	126182	10	Menu Padre	1	20	menus	descripcion	idmenu			0	65	0	40	30	f	f	f	0	f	f		f		2019-10-12 14:53:07-06	inicio	2019-10-12 14:53:07-06	inicio	0	menus	forapi	f		0	forapi	0	0	f	1	0	0	0	t	f	t	f	f	0	f	0	f	100	col-md-6
28	7	126274	1	idmenus_eventos	8	0						0	10	0	40	30	f	f	f	0	f	t		t		2019-10-12 14:53:07-06	inicio	2019-10-12 14:53:07-06	inicio	0	menus_eventos	forapi	f		0		0	0	f	0	0	0	0	t	f	t	f	f	0	f	0	f	10	\N
25	19	126000	1	Usuario	30	15						0	10	0	40	30	t	f	f	2	f	f		t		2019-10-12 14:53:07-06	inicio	2019-10-12 14:53:07-06	inicio	0	cat_usuarios	forapi	f		0		0	0	f	0	0	0	0	t	f	t	f	f	0	f	0	f	20	col-md-6
265	20	126222	36	Tabla HTML	1	0	menus_htmltable	descripcion	idhtmltable			0	137	0	0	0	f	f	t	0	f	f		f	Grupo de campos	2019-10-12 14:53:07-06	inicio	2019-10-12 14:53:07-06	inicio	0	menus_campos	forapi	f		0	forapi	0	0	f	0	0	0	0	t	f	t	f	f	0	f	0	f	80	col-md-6
229	14	126182	21	Campos de menu	1	255	menus	descripcion	idmenu			0	110	0	40	30	f	f	f	0	f	f		f		2019-10-12 14:53:07-06	inicio	2019-10-12 14:53:07-06	inicio	0	menus	forapi	f		0	forapi	0	0	f	1	0	0	0	t	f	t	f	f	0	f	0	f	140	col-md-6
282	20	126222	51	Actualizacion?	30	1						0	625	0	40	30	f	f	f	0	f	f		f	Permite modificar el contenido del campo select	2019-10-12 14:53:07-06	inicio	2019-10-12 14:53:07-06	inicio	0	menus_campos	forapi	f		1		0	0	f	0	0	0	0	t	f	t	f	f	0	f	0	f	500	col-md-6
283	20	126222	52	Menu actualizacion	1	1	menus	descripcion	idmenu			0	630	0	40	30	f	f	f	0	f	f		f	Subvista que se utiliza para modificar la informacion	2019-10-12 14:53:07-06	inicio	2019-10-12 14:53:07-06	inicio	0	menus_campos	forapi	f		1	forapi	0	0	f	0	0	0	0	t	f	t	f	f	0	f	0	f	500	col-md-6
177	14	126182	12	Movtos	20	30						0	60	0	40	30	t	f	f	0	f	f		f	i=insert,d=delete,u=update,l=limpiar,cc=copiar,a=autodiseño,I=AltaAutomatica,s=Select,S=select sin opcion de seleccionar registro,f=Genera un archivo txt de la consulta,B=Busqueda	2019-10-12 14:53:07-06	inicio	2019-10-12 14:53:07-06	inicio	0	menus	forapi	f		0		0	0	f	1	0	0	0	t	f	t	f	f	0	f	0	f	80	col-md-6
264	14	126182	35	No Confirma movtos.	10	10						0	63	0	40	30	f	f	f	0	f	f		f	No confirma los movimientos por ejemplo si se pone una i no confirma las altas	2019-10-12 14:53:07-06	inicio	2019-10-12 14:53:07-06	inicio	0	menus	forapi	f		0		0	0	f	1	0	0	0	t	f	t	f	f	0	f	0	f	100	col-md-6
222	14	126182	19	Limite	20	10						0	80	0	40	30	f	f	f	0	f	f		f		2019-10-12 14:53:07-06	inicio	2019-10-12 14:53:07-06	inicio	0	menus	forapi	f		0		0	0	f	1	0	0	0	t	f	t	f	f	0	f	0	f	120	col-md-6
239	14	126182	23	Altura de ventana	20	10						0	140	0	40	30	f	f	f	0	f	f		f	Altura en que va abrir la subvista esta en pixeles	2019-10-12 14:53:07-06	inicio	2019-10-12 14:53:07-06	inicio	0	menus	forapi	f		0		0	0	f	1	0	0	0	t	f	t	f	f	0	f	0	f	160	col-md-6
247	14	126182	26	Muestra Registros al Inicio	0	0						0	995	0	0	0	f	f	f	0	f	f		f	Indica si muestra los registro al mostrar la pantalla	2019-10-12 14:53:07-06	inicio	2019-10-12 14:53:07-06	inicio	0	menus	forapi	f		0		0	0	f	1	0	0	0	t	f	t	f	f	0	f	0	f	220	col-md-6
67	14	126182	3	Objeto	20	30						0	30	0	40	30	f	f	f	0	f	f		f		2019-10-12 14:53:07-06	inicio	2019-10-12 14:53:07-06	inicio	0	menus	forapi	f		0		0	0	f	1	0	0	0	t	f	t	f	f	0	f	0	f	20	col-md-6
148	14	126182	9	Modo consulta	20	5						0	50	0	40	30	f	f	f	0	f	f		f		2019-10-12 14:53:07-06	inicio	2019-10-12 14:53:07-06	inicio	0	menus	forapi	f		0		0	0	f	1	0	0	0	t	f	t	f	f	0	f	0	f	40	col-md-6
284	20	126222	53	Dato escondido?	1	1						0	1265	0	40	30	f	f	f	0	f	f		f		2019-10-12 14:53:07-06	inicio	2019-10-12 14:53:07-06	inicio	0	menus_campos	forapi	f		0		0	0	f	0	0	0	0	t	f	t	f	f	0	f	0	f	340	col-md-6
281	20	126222	50	Menu informacion	1	1	menus	descripcion	idmenu			0	620	0	40	30	f	f	f	0	f	f		f	Indica que subvista se utiliza para mostrar la informacion	2019-10-12 14:53:07-06	inicio	2019-10-12 14:53:07-06	inicio	0	menus_campos	forapi	f		1	forapi	0	0	f	0	0	0	0	t	f	t	f	f	0	f	0	f	480	col-md-6
2	23	126000	0	Password	0	0						0	20	0	0	0	t	f	f	0	f	f		f		2019-10-12 14:53:07-06	inicio	2019-10-12 14:53:07-06	inicio	1	cat_usuarios	forapi	f		0		0	0	f	0	0	0	0	t	f	t	f	f	0	f	0	f	20	\N
4	6	126000	0	Usuario	0	0						0	0	0	0	0	f	t	f	0	f	f		f		2019-10-12 14:53:07-06	inicio	2019-10-12 14:53:07-06	inicio	0	cat_usuarios	forapi	f		0		0	0	f	0	0	0	0	t	f	t	f	f	0	f	0	f	0	\N
5	24	126000	0	PasswordNuevo	30	30						0	20	0	0	0	t	f	f	0	f	f		f		2019-10-12 14:53:07-06	inicio	2019-10-12 14:53:07-06	inicio	1		forapi	f		0		0	0	f	0	0	0	0	t	f	t	f	f	0	f	0	f	20	\N
3	9	126000	0	Password	0	0						0	20	0	0	0	t	f	f	0	f	f		f		2019-10-12 14:53:07-06	inicio	2019-10-12 14:53:07-06	inicio	1	cat_usuarios	forapi	f		0		0	0	f	0	0	0	0	t	f	t	f	f	0	f	0	f	20	col-md-6
250	14	126182	28	Hoja de estilo	20	50						0	998	0	40	30	f	f	f	0	f	f		f		2019-10-12 14:53:07-06	inicio	2019-10-12 14:53:07-06	inicio	0	menus	forapi	f		0		0	0	f	1	0	0	0	t	f	t	f	f	0	f	0	f	240	col-md-6
254	14	126182	30	LimpiarAlta	20	1						0	1000	0	40	30	f	f	f	0	f	f		f	Limpia la pantalla despues de dar de alta	2019-10-12 14:53:07-06	inicio	2019-10-12 14:53:07-06	inicio	0	menus	forapi	f		0		0	0	f	1	0	0	0	t	f	t	f	f	0	f	0	f	260	col-md-6
251	14	126182	29	Imprime	20	1						0	1000	0	40	30	f	f	f	0	f	f		f	0=todo,1=tabla de captura,2=tabla de renglones	2019-10-12 14:53:07-06	inicio	2019-10-12 14:53:07-06	inicio	0	menus	forapi	f		0		0	0	f	1	0	0	0	t	f	t	f	f	0	f	0	f	260	col-md-6
261	14	126182	34	Manual	20	500						0	1100	0	40	30	f	t	f	0	f	f		f	Manual del sistema	2019-10-12 14:53:07-06	inicio	2019-10-12 14:53:07-06	inicio	0	menus	forapi	f		0		0	0	f	1	80	3	0	t	f	t	f	f	0	f	0	f	280	col-md-6
267	14	126182	37	Ayuda	0	0						0	1300	0	40	30	f	f	f	0	f	f		f		2019-10-12 14:53:07-06	inicio	2019-10-12 14:53:07-06	inicio	0	menus	forapi	f		0		0	0	f	1	0	0	0	t	f	t	f	f	0	f	0	f	280	col-md-6
266	14	126182	36	Icono	0	0						0	1300	0	40	30	f	f	f	0	f	f		f		2019-10-12 14:53:07-06	inicio	2019-10-12 14:53:07-06	inicio	0	menus	forapi	f		0		0	0	f	1	0	0	0	t	f	t	f	f	0	f	0	f	300	col-md-6
21	14	126182	1	Idmenu	20	5						0	1000	0	800	600	f	f	f	0	f	t		t		2019-10-12 14:53:07-06	inicio	2019-10-12 14:53:07-06	inicio	0	menus	forapi	f		0		0	0	f	1	0	0	0	t	f	t	f	f	0	f	0	t	240	col-md-6
256	14	126182	31	Ancho de tabla	20	10						0	180	0	40	30	f	f	f	0	f	f		f	Ancho en porcentaje de la tabla de captura	2019-10-12 14:53:07-06	inicio	2019-10-12 14:53:07-06	inicio	0	menus	forapi	f		0		0	0	f	1	0	0	0	t	f	t	f	f	0	f	0	f	180	col-md-6
257	14	126182	32	Alto de tabla	20	10						0	190	0	40	30	f	f	f	0	f	f		f	Alto en porcentaje de la tabla de captura	2019-10-12 14:53:07-06	inicio	2019-10-12 14:53:07-06	inicio	0	menus	forapi	f		0		0	0	f	1	0	0	0	t	f	t	f	f	0	f	0	f	200	col-md-6
286	20	126222	55	Clase	30	100						0	410	0	0	0	f	f	f	0	f	f		f		2019-10-19 18:37:08-06	inicio	2019-10-19 18:37:08-06	inicio	0	menus_campos	forapi	f		0		0	0	f	0	0	0	0	t	f	t	f	f	0	f	0	f	20	col-md-6
55	17	126000	2	Nombre	20	30						0	20	0	40	30	t	t	f	1	f	f		f		2019-10-12 14:53:07-06	inicio	2019-10-12 14:53:07-06	inicio	0	cat_usuarios	forapi	f		0		0	0	f	1	0	0	0	t	f	t	f	f	0	f	0	f	20	col-md-6
197	17	126000	14	Respuesta	20	100						0	140	0	40	30	f	f	f	0	f	f		f		2019-10-12 14:53:07-06	inicio	2019-10-12 14:53:07-06	inicio	0	cat_usuarios	forapi	f		0		0	0	f	1	0	0	0	t	f	t	f	f	0	f	0	f	80	col-md-6
204	17	126000	15	Estatus	1	5	estados_usuarios	descripcion	estado			0	150	0	40	30	f	t	f	0	f	f		f		2019-10-12 14:53:07-06	inicio	2019-10-12 14:53:07-06	inicio	0	cat_usuarios	forapi	f		0	forapi	0	0	f	1	0	0	0	t	f	t	f	f	0	f	0	f	100	col-md-6
169	17	126000	11	Usuario alta	20	20						0	210	0	40	30	f	f	f	0	f	t		f		2019-10-12 14:53:07-06	inicio	2019-10-12 14:53:07-06	inicio	0	cat_usuarios	forapi	f		0		0	0	f	1	0	0	0	t	f	t	f	f	0	f	0	f	140	col-md-6
168	17	126000	10	Fecha modifico	20	14						0	220	0	40	30	f	f	f	0	f	t		f		2019-10-12 14:53:07-06	inicio	2019-10-12 14:53:07-06	inicio	0	cat_usuarios	forapi	f		0		0	0	f	1	0	0	0	t	f	t	f	f	0	f	0	f	140	col-md-6
182	18	126000	12	Usuario modifico	20	20						0	120	0	40	30	f	f	f	0	f	t		f		2019-10-12 14:53:07-06	inicio	2019-10-12 14:53:07-06	inicio	0	cat_usuarios	forapi	f		0		0	0	f	0	0	0	0	t	f	t	f	f	0	f	0	f	120	col-md-6
188	18	126000	13	Pegunta	1	0	cat_preguntas	descripcion	idpregunta			0	130	0	40	30	f	f	f	0	f	t		f		2019-10-12 14:53:07-06	inicio	2019-10-12 14:53:07-06	inicio	0	cat_usuarios	forapi	f		0	forapi	0	0	f	0	0	0	0	t	f	t	f	f	0	f	0	f	140	col-md-6
125	18	126000	7	Mail	20	50						0	70	0	40	30	f	f	f	0	f	t		f		2019-10-12 14:53:07-06	inicio	2019-10-12 14:53:07-06	inicio	0	cat_usuarios	forapi	f		0		0	0	f	0	0	0	0	t	f	t	f	f	0	f	0	f	80	col-md-6
288	31	126401	4	Esquema	1	30						0	0	0	40	30	t	f	f	0	f	f		f		2019-10-20 19:38:33.016632-06	inicio	2019-10-20 19:38:33.016632-06	inicio	0	tablas	forapi	f		0		0	0	f	0	0	0	0	t	f	t	f	f	0	f	0	f	20	col-md-12
287	31	126401	1	Tabla	0	0						0	11	0	40	30	t	f	f	0	f	f		f		2019-10-20 19:38:33.016632-06	inicio	2019-10-20 19:38:33.016632-06	inicio	0	tablas	forapi	f		0		0	0	t	0	0	0	0	t	f	t	f	f	0	f	0	f	40	col-md-12
218	20	126222	18	Obligatorio?	30	0						0	400	0	40	30	f	f	f	0	f	f		f	El campo es obligatorio	2019-10-12 14:53:07-06	inicio	2019-10-12 14:53:07-06	inicio	0	menus_campos	forapi	f		0		0	0	f	0	0	0	0	t	f	t	f	f	0	f	0	f	180	col-md-6
223	20	126222	19	Busqueda?	30	0						0	500	0	40	30	f	f	f	0	f	f		f	El campos se puede utilizar en consulta de informacion	2019-10-12 14:53:07-06	inicio	2019-10-12 14:53:07-06	inicio	0	menus_campos	forapi	f		0		0	0	f	0	0	0	0	t	f	t	f	f	0	f	0	f	180	col-md-6
227	20	126222	21	Case	1	0	tcases	descripcion	tcase			0	700	0	40	30	f	f	f	0	f	f		f	Los datos se convierte a mayusculas o minusculas	2019-10-12 14:53:07-06	inicio	2019-10-12 14:53:07-06	inicio	0	menus_campos	forapi	f		0	forapi	0	0	f	0	0	0	0	t	f	t	f	f	0	f	0	f	200	col-md-6
235	20	126222	22	Valida duplicidad?	30	0						0	800	0	40	30	f	f	f	0	f	f		f	Maxima longitud permitida en el html	2019-10-12 14:53:07-06	inicio	2019-10-12 14:53:07-06	inicio	0	menus_campos	forapi	f		0		0	0	f	0	0	0	0	t	f	t	f	f	0	f	0	f	220	col-md-6
255	20	126222	31	Password?	30	4						0	800	0	0	0	f	f	f	0	f	f		f	1=es pwd 2=subir un archivo(pendiente)	2019-10-12 14:53:07-06	inicio	2019-10-12 14:53:07-06	inicio	0	menus_campos	forapi	f		0		0	0	f	0	0	0	0	t	f	t	f	f	0	f	0	f	220	col-md-6
271	20	126222	40	SubeArchivo	30	30						0	1210	0	40	30	f	f	f	0	f	f		f	Indica si el campo sirver para subir un archivo	2019-10-12 14:53:07-06	inicio	2019-10-12 14:53:07-06	inicio	0	menus_campos	forapi	f		0		0	0	f	0	0	0	0	t	f	t	f	f	0	f	0	f	280	col-md-6
276	20	126222	45	Imprime	30	30						0	1212	0	40	30	f	f	f	0	f	f		f	Indica si el campo se imprime	2019-10-12 14:53:07-06	inicio	2019-10-12 14:53:07-06	inicio	0	menus_campos	forapi	f		0		0	0	f	0	0	0	0	t	f	t	f	f	0	f	0	f	280	col-md-6
277	20	126222	46	Totales	30	30						0	1220	0	40	30	f	f	f	0	f	f		f	Indica si se imprimen totales de un columna	2019-10-12 14:53:07-06	inicio	2019-10-12 14:53:07-06	inicio	0	menus_campos	forapi	f		0		0	0	f	0	0	0	0	t	f	t	f	f	0	f	0	f	300	col-md-6
272	20	126222	41	Formato td	30	1						0	1230	0	40	30	f	f	f	0	f	f		f	0=normal,1=etiqueta y texto junto, 2=Etiqueta y texto junto todo el renglón	2019-10-12 14:53:07-06	inicio	2019-10-12 14:53:07-06	inicio	0	menus_campos	forapi	f		0		0	0	f	0	0	0	0	t	f	t	f	f	0	f	0	f	300	col-md-6
274	20	126222	43	No. de filas	30	3						0	1240	0	40	30	f	f	f	0	f	f		f	Registros para el campos textarea	2019-10-12 14:53:07-06	inicio	2019-10-12 14:53:07-06	inicio	0	menus_campos	forapi	f		0		0	0	f	0	0	0	0	t	f	t	f	f	0	f	0	f	320	col-md-6
273	20	126222	42	No.de columnas	30	3						0	1250	0	40	30	f	f	f	0	f	f		f	Columnas para el campos textarea	2019-10-12 14:53:07-06	inicio	2019-10-12 14:53:07-06	inicio	0	menus_campos	forapi	f		0		0	0	f	0	0	0	0	t	f	t	f	f	0	f	0	f	320	col-md-6
279	20	126222	48	Enlace?	30	30						0	1260	0	40	30	f	f	f	0	f	f		f	Indica si el campo es un link	2019-10-12 14:53:07-06	inicio	2019-10-12 14:53:07-06	inicio	0	menus_campos	forapi	f		0		0	0	f	0	0	0	0	t	f	t	f	f	0	f	0	f	340	col-md-6
268	20	126222	37	Esquema	1	30	pg_namespace	nspname	nspname			0	165	0	40	30	f	f	f	0	f	f		f		2019-10-12 14:53:07-06	inicio	2019-10-12 14:53:07-06	inicio	0	menus_campos	forapi	f		1	pg_catalog	0	0	f	0	0	0	0	t	f	t	f	f	0	f	0	f	360	col-md-6
185	20	126222	13	Evento	30	0						0	203	0	40	30	f	f	f	0	f	f		f	En que evento se cargan los campos select 0=cuando la forma se carga,1=cuando el campo padre cambia,2=cuando el campo recibe el focus,3=cuando el campo recibe el focus solo la primera vez	2019-10-12 14:53:07-06	inicio	2019-10-12 14:53:07-06	inicio	0	menus_campos	forapi	f		1		0	0	f	0	0	0	0	t	f	t	f	f	0	f	0	f	420	col-md-6
275	20	126222	44	Autocompletar	30	1						0	204	0	40	30	f	f	f	0	f	f		f	0=no, 1=si	2019-10-12 14:53:07-06	inicio	2019-10-12 14:53:07-06	inicio	0	menus_campos	forapi	f		1		0	0	f	0	0	0	0	t	f	t	f	f	0	f	0	f	420	col-md-6
270	20	126222	39	Menu busqueda	1	0	menus	descripcion	idmenu			0	207	0	0	0	f	f	f	0	f	f		f	No. de menu para buscar datos	2019-10-12 14:53:07-06	inicio	2019-10-12 14:53:07-06	inicio	0	menus_campos	forapi	f		1	forapi	0	0	f	0	0	0	0	t	f	t	f	f	0	f	0	f	440	col-md-6
225	20	126222	20	Alta automatica?	30	0						0	600	0	40	30	f	f	f	0	f	f		f	Para los campos select se pueden dar de alta una descripcion	2019-10-12 14:53:07-06	inicio	2019-10-12 14:53:07-06	inicio	0	menus_campos	forapi	f		1		0	0	f	0	0	0	0	t	f	t	f	f	0	f	0	f	460	col-md-6
269	20	126222	38	Menu alta en automatico	1	1	menus	descripcion	idmenu			0	610	0	40	30	f	f	f	0	f	f		f	Indica que subvista se utiliza para dar de alta un registro	2019-10-12 14:53:07-06	inicio	2019-10-12 14:53:07-06	inicio	0	menus_campos	forapi	f		1	forapi	0	0	f	0	0	0	0	t	f	t	f	f	0	f	0	f	460	col-md-6
280	20	126222	49	Informacion?	30	1						0	615	0	40	30	f	f	f	0	f	f		f	Muestra informacion relevante del contenido del campo select	2019-10-12 14:53:07-06	inicio	2019-10-12 14:53:07-06	inicio	0	menus_campos	forapi	f		1		0	0	f	0	0	0	0	t	f	t	f	f	0	f	0	f	480	col-md-6
249	14	126182	27	Esquema	1	0	pg_namespace	nspname	nspname			0	52	0	0	0	f	t	f	0	f	f		f		2019-10-12 14:53:07-06	inicio	2019-10-12 14:53:07-06	inicio	0	menus	forapi	f		0	pg_catalog	0	0	f	1	0	0	0	t	f	t	f	f	0	f	0	f	60	col-md-6
244	14	126182	24	Pone Scroll	20	1						0	150	0	40	30	f	f	f	0	f	f		f		2019-10-12 14:53:07-06	inicio	2019-10-12 14:53:07-06	inicio	0	menus	forapi	f		0		0	0	f	1	0	0	0	t	f	t	f	f	0	f	0	f	160	col-md-6
245	14	126182	25	Altura de Scroll	20	10						0	160	0	40	30	f	f	f	0	f	f		f		2019-10-12 14:53:07-06	inicio	2019-10-12 14:53:07-06	inicio	0	menus	forapi	f		0		0	0	f	1	0	0	0	t	f	t	f	f	0	f	0	f	180	col-md-6
\.


--
-- Data for Name: menus_campos_eventos; Type: TABLE DATA; Schema: forapi; Owner: postgres
--

COPY menus_campos_eventos (icv, attnum, idmenu, idevento, donde, descripcion, fecha_alta, usuario_alta, fecha_modifico, usuario_modifico) FROM stdin;
1	21	19	5	0	SoloAlfanumerico	2019-10-12 14:53:07-06	inicio	2019-10-12 14:53:07-06	inicio
2	21	4	5	0	SoloAlfanumerico	2019-10-12 14:53:07-06	inicio	2019-10-12 14:53:07-06	inicio
\.


--
-- Name: menus_campos_eventos_icv_seq; Type: SEQUENCE SET; Schema: forapi; Owner: postgres
--

SELECT pg_catalog.setval('menus_campos_eventos_icv_seq', 2, true);


--
-- Name: menus_campos_fila_seq; Type: SEQUENCE SET; Schema: forapi; Owner: inicio
--

SELECT pg_catalog.setval('menus_campos_fila_seq', 21, true);


--
-- Name: menus_campos_idcampo_seq; Type: SEQUENCE SET; Schema: forapi; Owner: postgres
--

SELECT pg_catalog.setval('menus_campos_idcampo_seq', 288, true);


--
-- Data for Name: menus_eventos; Type: TABLE DATA; Schema: forapi; Owner: postgres
--

COPY menus_eventos (idmenus_eventos, idmenu, idevento, donde, descripcion, fecha_alta, usuario_alta, fecha_modifico, usuario_modifico) FROM stdin;
1	24	7	1	cambiodepasswordsol	2017-03-30 14:35:05.754513-06	jlv	2017-03-30 14:35:05.754513-06	jlv
2	15	7	1	autoriza_usuario	2018-09-20 18:20:55.889685-06	jlv	2018-09-20 18:20:55.889685-06	jlv
3	25	7	1	cambiodepassword	2006-06-29 18:53:02-06	siscor	2006-06-29 18:53:02-06	siscor
4	19	3	1	validapwdtecleado	2009-02-04 12:58:35.816872-07	grecar	2009-02-04 12:58:35.816872-07	grecar
5	19	4	1	salidacontra	2009-02-04 12:58:35.816872-07	grecar	2009-02-04 12:58:35.816872-07	grecar
6	2	7	1	validarespuestadesbloqueo	2006-06-29 18:53:02-06	siscor	2006-06-29 18:53:02-06	siscor
7	18	7	1	autoriza_usuario	2006-06-29 18:53:01-06	siscor	2006-06-29 18:53:01-06	siscor
8	4	3	1	validapwdtecleado	2006-06-29 18:53:02-06	siscor	2006-06-29 18:53:02-06	siscor
9	6	9	1	validausuarioadesbloquear	2006-06-29 18:53:02-06	siscor	2006-06-29 18:53:02-06	siscor
10	4	4	1	salida	2006-06-29 18:53:02-06	siscor	2006-06-29 18:53:02-06	siscor
\.


--
-- Name: menus_eventos_idmenus_eventos_seq; Type: SEQUENCE SET; Schema: forapi; Owner: postgres
--

SELECT pg_catalog.setval('menus_eventos_idmenus_eventos_seq', 10, true);


--
-- Data for Name: menus_htmltable; Type: TABLE DATA; Schema: forapi; Owner: postgres
--

COPY menus_htmltable (idhtmltable, descripcion, esdesistema, columnas, fecha_alta, usuario_alta, fecha_modifico, usuario_modifico, idmenu, orden) FROM stdin;
1	CAMPOS CON OPCIONES	f	0	2007-06-28 18:15:51-06	jlv	2007-06-28 18:15:51-06	jlv	\N	\N
0	SIN HTMLTABLE	f	0	2007-07-14 14:10:10-06	jlv	2007-07-14 14:10:10-06	jlv	\N	\N
\.


--
-- Name: menus_htmltable_idhtmltable_seq; Type: SEQUENCE SET; Schema: forapi; Owner: postgres
--

SELECT pg_catalog.setval('menus_htmltable_idhtmltable_seq', 2025, true);


--
-- Name: menus_idmenu_seq; Type: SEQUENCE SET; Schema: forapi; Owner: postgres
--

SELECT pg_catalog.setval('menus_idmenu_seq', 32, true);


--
-- Data for Name: menus_log; Type: TABLE DATA; Schema: forapi; Owner: postgres
--

COPY menus_log (idlog, idmenu, movto, sql, fecha_alta, usuario_alta, esmovil, browser, ip, idmensaje) FROM stdin;
\.


--
-- Name: menus_log_idlog_seq; Type: SEQUENCE SET; Schema: forapi; Owner: postgres
--

SELECT pg_catalog.setval('menus_log_idlog_seq', 1, false);


--
-- Data for Name: menus_mensajes; Type: TABLE DATA; Schema: forapi; Owner: postgres
--

COPY menus_mensajes (idmensaje, mensaje, fecha_alta, usuario_alta, fecha_modifico, usuario_modifico) FROM stdin;
\.


--
-- Name: menus_mensajes_idmensaje_seq; Type: SEQUENCE SET; Schema: forapi; Owner: postgres
--

SELECT pg_catalog.setval('menus_mensajes_idmensaje_seq', 1, false);


--
-- Data for Name: menus_movtos; Type: TABLE DATA; Schema: forapi; Owner: postgres
--

COPY menus_movtos (idmenu, idmovto, descripcion, imagen, fecha_alta, usuario_alta, fecha_modifico, usuario_modifico) FROM stdin;
24	u	CambiarPassword		2019-10-12 14:53:07-06	inicio	2019-10-12 14:53:07-06	inicio
15	u	Autoriza		2019-10-12 14:53:07-06	inicio	2019-10-12 14:53:07-06	inicio
18	u	Autoriza		2019-10-12 14:53:07-06	inicio	2019-10-12 14:53:07-06	inicio
25	u	CambiarPassword		2019-10-12 14:53:07-06	inicio	2019-10-12 14:53:07-06	inicio
\.


--
-- Data for Name: menus_pg_group; Type: TABLE DATA; Schema: forapi; Owner: postgres
--

COPY menus_pg_group (idmenu, grosysid, fecha_alta, fecha_modifico, usuario_alta, usuario_modifico, idmenupadre, groname, orden, espublico) FROM stdin;
11	\N	2019-10-12 14:53:07-06	2019-10-12 14:53:07-06	inicio	inicio	\N		0	\N
15	\N	2019-10-12 14:53:07-06	2019-10-12 14:53:07-06	inicio	inicio	\N	admres	0	\N
18	\N	2019-10-12 14:53:07-06	2019-10-12 14:53:07-06	inicio	inicio	\N		0	\N
16	\N	2019-10-12 14:53:07-06	2019-10-12 14:53:07-06	inicio	inicio	\N		0	\N
15	\N	2019-10-12 14:53:07-06	2019-10-12 14:53:07-06	inicio	inicio	\N		0	\N
21	\N	2019-10-12 14:53:07-06	2019-10-12 14:53:07-06	inicio	inicio	\N		0	\N
10	\N	2019-10-12 14:53:07-06	2019-10-12 14:53:07-06	inicio	inicio	\N		0	\N
14	\N	2019-10-12 14:53:07-06	2019-10-12 14:53:07-06	inicio	inicio	\N		0	\N
16	\N	2019-10-12 14:53:07-06	2019-10-12 14:53:07-06	inicio	inicio	\N	admon	0	\N
25	\N	2019-10-12 14:53:07-06	2019-10-12 14:53:07-06	inicio	inicio	\N		0	\N
13	\N	2019-10-12 14:53:07-06	2019-10-12 14:53:07-06	inicio	inicio	\N		0	\N
8	\N	2019-10-12 14:53:07-06	2019-10-12 14:53:07-06	inicio	inicio	\N	admon	0	\N
17	\N	2019-10-12 14:53:07-06	2019-10-12 14:53:07-06	inicio	inicio	\N	admon	0	\N
12	\N	2019-10-12 14:53:07-06	2019-10-12 14:53:07-06	inicio	inicio	\N		0	\N
4	\N	2019-10-12 14:53:07-06	2019-10-12 14:53:07-06	inicio	inicio	\N		0	\N
23	\N	2019-10-12 14:53:07-06	2019-10-12 14:53:07-06	inicio	inicio	\N		0	\N
14	\N	2019-10-12 14:53:07-06	2019-10-12 14:53:07-06	inicio	inicio	\N	admon	0	\N
24	\N	2019-10-12 14:53:07-06	2019-10-12 14:53:07-06	inicio	inicio	\N		0	\N
18	\N	2019-10-12 14:53:07-06	2019-10-12 14:53:07-06	inicio	inicio	\N	admon	0	\N
8	\N	2019-10-12 14:53:07-06	2019-10-12 14:53:07-06	inicio	inicio	\N		0	\N
17	\N	2019-10-12 14:53:07-06	2019-10-12 14:53:07-06	inicio	inicio	\N		0	\N
10	\N	2019-10-12 14:53:07-06	2019-10-12 14:53:07-06	inicio	inicio	\N	admon	0	\N
13	\N	2019-10-12 14:53:07-06	2019-10-12 14:53:07-06	inicio	inicio	\N	admon	0	\N
31	\N	2019-10-20 19:38:33-06	2019-10-20 19:38:33-06	inicio	inicio	\N		0	\N
31	\N	2019-10-20 19:38:33-06	2019-10-20 19:38:33-06	inicio	inicio	\N	admon	0	\N
32	\N	2019-10-27 07:50:24-06	2019-10-27 07:50:24-06	inicio	inicio	\N	admon	0	\N
19	\N	2019-10-12 14:53:07-06	2019-10-12 14:53:07-06	inicio	inicio	\N	temporalg	0	\N
2	\N	2019-10-12 14:53:07-06	2019-10-12 14:53:07-06	inicio	inicio	\N	temporalg	0	\N
9	\N	2019-10-12 14:53:07-06	2019-10-12 14:53:07-06	inicio	inicio	\N	temporalg	0	\N
8	\N	2019-10-27 15:39:33-06	2019-10-27 15:39:33-06	inicio	inicio	\N	temporalg	0	\N
\.


--
-- Name: menus_pg_group_orden_seq; Type: SEQUENCE SET; Schema: forapi; Owner: postgres
--

SELECT pg_catalog.setval('menus_pg_group_orden_seq', 1, false);


--
-- Data for Name: menus_pg_tables; Type: TABLE DATA; Schema: forapi; Owner: postgres
--

COPY menus_pg_tables (idmenu, tablename, tselect, tinsert, tupdate, tdelete, tall, fecha_alta, fecha_modifico, usuario_alta, usuario_modifico, tgrant, nspname) FROM stdin;
1	menus_pg_tables	1	1	1	1	0	2019-10-12 14:53:07-06	2019-10-12 14:53:07-06	inicio	inicio	0	forapi
2	cat_usuarios	0	0	1	0	0	2019-10-12 14:53:07-06	2019-10-12 14:53:07-06	inicio	inicio	0	forapi
3	cat_usuarios_pg_group	1	1	1	1	0	2019-10-12 14:53:07-06	2019-10-12 14:53:07-06	inicio	inicio	0	forapi
5	his_cat_usuarios	1	0	0	0	0	2019-10-12 14:53:07-06	2019-10-12 14:53:07-06	inicio	inicio	0	forapi
7	menus_eventos	1	1	1	1	0	2019-10-12 14:53:07-06	2019-10-12 14:53:07-06	inicio	inicio	0	forapi
12	menus_htmltable	1	1	1	1	0	2019-10-12 14:53:07-06	2019-10-12 14:53:07-06	inicio	inicio	0	forapi
13	tablas	1	1	0	0	0	2019-10-12 14:53:07-06	2019-10-12 14:53:07-06	inicio	inicio	0	forapi
14	menus	1	1	1	1	0	2019-10-12 14:53:07-06	2019-10-12 14:53:07-06	inicio	inicio	0	forapi
16	pg_authid	1	1	1	1	0	2019-10-12 14:53:07-06	2019-10-12 14:53:07-06	inicio	inicio	0	pg_catalog
20	menus_campos	1	1	1	1	0	2019-10-12 14:53:07-06	2019-10-12 14:53:07-06	inicio	inicio	0	forapi
21	menus_pg_group	1	1	1	1	0	2019-10-12 14:53:07-06	2019-10-12 14:53:07-06	inicio	inicio	0	forapi
27	menus_movtos	1	1	1	1	0	2019-10-12 14:53:07-06	2019-10-12 14:53:07-06	inicio	inicio	0	forapi
28	menus_seguimiento	1	1	1	1	0	2019-10-12 14:53:07-06	2019-10-12 14:53:07-06	inicio	inicio	0	forapi
29	menus_tiempos	1	1	1	1	0	2019-10-12 14:53:07-06	2019-10-12 14:53:07-06	inicio	inicio	0	forapi
30	menus_subvistas	1	1	1	1	0	2019-10-12 14:53:07-06	2019-10-12 14:53:07-06	inicio	inicio	0	forapi
5	his_cat_usuarios_idcambio_seq	1	0	1	0	0	2019-10-12 14:53:07-06	2019-10-12 14:53:07-06	inicio	inicio	0	forapi
7	menus_eventos_idmenus_eventos_seq	1	0	1	0	0	2019-10-12 14:53:07-06	2019-10-12 14:53:07-06	inicio	inicio	0	forapi
30	menus_subvistas_idmenus_subvistas_seq	1	0	1	0	0	2019-10-12 14:53:07-06	2019-10-12 14:53:07-06	inicio	inicio	0	forapi
26	menus_log_idlog_seq	1	0	1	0	0	2019-10-12 14:53:07-06	2019-10-12 14:53:07-06	inicio	inicio	0	forapi
12	menus_htmltable_idhtmltable_seq	1	0	1	0	0	2019-10-12 14:53:07-06	2019-10-12 14:53:07-06	inicio	inicio	0	forapi
28	menus_seguimiento_idseguimietno_seq	1	0	1	0	0	2019-10-12 14:53:07-06	2019-10-12 14:53:07-06	inicio	inicio	0	forapi
8	his_cambios_pwd	1	1	 	 	 	2019-10-12 14:53:07-06	2019-10-12 14:53:07-06	inicio	inicio	 	forapi
14	pg_authid	1	1	1	1	0	2019-10-12 14:53:07-06	2019-10-12 14:53:07-06	inicio	inicio	0	pg_catalog
8	menus_presentacion	1	 	 	 	 	2019-10-12 14:53:07-06	2019-10-12 14:53:07-06	inicio	inicio	 	forapi
8	menus_htmltable_idhtmltable_seq	1	 	 	 	 	2019-10-12 14:53:07-06	2019-10-12 14:53:07-06	inicio	inicio	 	forapi
18	his_cat_usuarios_pg_group	1	1	 	 	 	2019-10-12 14:53:07-06	2019-10-12 14:53:07-06	inicio	inicio	 	forapi
3	pg_group	1	0	0	0	0	2019-10-12 14:53:07-06	2019-10-12 14:53:07-06	inicio	inicio	0	pg_catalog
11	cat_usuarios	1	1	1	1	1	2019-10-12 14:53:07-06	2019-10-12 14:53:07-06	inicio	inicio	 	forapi
20	menus_htmltable_idhtmltable_seq	1	0	1	0	0	2019-10-12 14:53:07-06	2019-10-12 14:53:07-06	inicio	inicio	0	forapi
14	menus_subvistas	 	 	 	 	1	2019-10-12 14:53:07-06	2019-10-12 14:53:07-06	inicio	inicio	 	forapi
8	pg_shadow	1	 	 	 	 	2019-10-12 14:53:07-06	2019-10-12 14:53:07-06	inicio	inicio	 	pg_catalog
8	menus_htmltable	1	 	 	 	 	2019-10-12 14:53:07-06	2019-10-12 14:53:07-06	inicio	inicio	 	forapi
14	his_menus	 	 	 	 	1	2019-10-12 14:53:07-06	2019-10-12 14:53:07-06	inicio	inicio	 	forapi
11	his_cat_usuarios_pg_group_idcambio_seq	 	 	 	 	1	2019-10-12 14:53:07-06	2019-10-12 14:53:07-06	inicio	inicio	 	forapi
17	his_cat_usuarios_pg_group_idcambio_seq	 	 	 	 	1	2019-10-12 14:53:07-06	2019-10-12 14:53:07-06	inicio	inicio	 	forapi
11	cat_preguntas	1	0	0	0	0	2019-10-12 14:53:07-06	2019-10-12 14:53:07-06	inicio	inicio	0	forapi
8	menus_pg_group	1	0	0	0	0	2019-10-12 14:53:07-06	2019-10-12 14:53:07-06	inicio	inicio	0	forapi
20	tablas	1	0	0	0	0	2019-10-12 14:53:07-06	2019-10-12 14:53:07-06	inicio	inicio	0	forapi
26	menus_mensajes	1	0	0	0	0	2019-10-12 14:53:07-06	2019-10-12 14:53:07-06	inicio	inicio	0	forapi
8	menus	1	 	 	 	 	2019-10-12 14:53:07-06	2019-10-12 14:53:07-06	inicio	inicio	 	forapi
8	menus_campos_eventos	1	 	 	 	 	2019-10-12 14:53:07-06	2019-10-12 14:53:07-06	inicio	inicio	 	forapi
26	menus	1	0	0	0	0	2019-10-12 14:53:07-06	2019-10-12 14:53:07-06	inicio	inicio	0	forapi
1	pg_namespace	1	0	0	0	0	2019-10-12 14:53:07-06	2019-10-12 14:53:07-06	inicio	inicio	0	pg_catalog
14	menus_eventos_idmenus_eventos_seq	 	 	 	 	1	2019-10-12 14:53:07-06	2019-10-12 14:53:07-06	inicio	inicio	 	forapi
17	pg_shadow	1	 	 	 	 	2019-10-12 14:53:07-06	2019-10-12 14:53:07-06	inicio	inicio	 	pg_catalog
19	cat_usuarios	0	1	0	0	1	2019-10-12 14:53:07-06	2019-10-12 14:53:07-06	inicio	inicio	 	forapi
14	eventos	 	 	 	 	1	2019-10-12 14:53:07-06	2019-10-12 14:53:07-06	inicio	inicio	 	forapi
1	tablas	1	0	0	0	0	2019-10-12 14:53:07-06	2019-10-12 14:53:07-06	inicio	inicio	0	forapi
11	pg_authid	0	0	0	0	1	2019-10-12 14:53:07-06	2019-10-12 14:53:07-06	inicio	inicio	0	pg_catalog
17	his_cat_usuarios_seq	 	 	 	 	1	2019-10-12 14:53:07-06	2019-10-12 14:53:07-06	inicio	inicio	 	forapi
8	cat_bitacora	1	1	1	 	 	2019-10-12 14:53:07-06	2019-10-12 14:53:07-06	inicio	inicio	 	forapi
18	menus_pg_tables	1	0	0	0	0	2019-10-12 14:53:07-06	2019-10-12 14:53:07-06	inicio	inicio	0	forapi
4	cat_preguntas	1	 	 	 	 	2019-10-12 14:53:07-06	2019-10-12 14:53:07-06	inicio	inicio	 	forapi
14	menus_campos_eventos_icv_seq	 	 	 	 	1	2019-10-12 14:53:07-06	2019-10-12 14:53:07-06	inicio	inicio	 	forapi
11	estados_usuarios	1	 	 	 	 	2019-10-12 14:53:07-06	2019-10-12 14:53:07-06	inicio	inicio	 	forapi
8	cat_preguntas	1	 	 	 	 	2019-10-12 14:53:07-06	2019-10-12 14:53:07-06	inicio	inicio	 	forapi
8	menus_movtos	1	 	 	 	 	2019-10-12 14:53:07-06	2019-10-12 14:53:07-06	inicio	inicio	 	forapi
14	menus_presentacion	1	0	0	0	0	2019-10-12 14:53:07-06	2019-10-12 14:53:07-06	inicio	inicio	0	forapi
18	his_cat_usuarios_pg_group_idcambio_seq	1	1	 	 	 	2019-10-12 14:53:07-06	2019-10-12 14:53:07-06	inicio	inicio	 	forapi
8	menus_seguimiento_idseguimietno_seq	 	 	 	 	1	2019-10-12 14:53:07-06	2019-10-12 14:53:07-06	inicio	inicio	 	forapi
11	cat_usuarios_pg_group	 	 	 	 	1	2019-10-12 14:53:07-06	2019-10-12 14:53:07-06	inicio	inicio	 	forapi
8	cat_usuarios_pg_group	1	 	 	 	 	2019-10-12 14:53:07-06	2019-10-12 14:53:07-06	inicio	inicio	 	forapi
11	his_cat_usuarios	 	 	 	 	1	2019-10-12 14:53:07-06	2019-10-12 14:53:07-06	inicio	inicio	 	forapi
17	cat_usuarios	1	0	1	1	1	2019-10-12 14:53:07-06	2019-10-12 14:53:07-06	inicio	inicio	 	forapi
14	menus_idmenu_seq	 	 	 	 	1	2019-10-12 14:53:07-06	2019-10-12 14:53:07-06	inicio	inicio	 	forapi
20	menus_campos_idcampo_seq	 	 	 	 	1	2019-10-12 14:53:07-06	2019-10-12 14:53:07-06	inicio	inicio	 	forapi
8	menus_seguimiento	1	 	 	 	 	2019-10-12 14:53:07-06	2019-10-12 14:53:07-06	inicio	inicio	 	forapi
14	pg_namespace	1	0	0	0	0	2019-10-12 14:53:07-06	2019-10-12 14:53:07-06	inicio	inicio	0	pg_catalog
11	pg_shadow	1	 	 	 	 	2019-10-12 14:53:07-06	2019-10-12 14:53:07-06	inicio	inicio	 	pg_catalog
11	his_cat_usuarios_seq	 	 	 	 	1	2019-10-12 14:53:07-06	2019-10-12 14:53:07-06	inicio	inicio	 	forapi
16	menus_pg_group	 	 	 	 	1	2019-10-12 14:53:07-06	2019-10-12 14:53:07-06	inicio	inicio	 	forapi
19	cat_preguntas	1	0	0	0	0	2019-10-12 14:53:07-06	2019-10-12 14:53:07-06	inicio	inicio	0	forapi
7	eventos	1	0	0	0	0	2019-10-12 14:53:07-06	2019-10-12 14:53:07-06	inicio	inicio	0	forapi
4	cat_usuarios	 	 	 	 	1	2019-10-12 14:53:07-06	2019-10-12 14:53:07-06	inicio	inicio	 	forapi
4	his_cat_usuarios	 	 	 	 	1	2019-10-12 14:53:07-06	2019-10-12 14:53:07-06	inicio	inicio	 	forapi
14	tcases	1	 	 	 	 	2019-10-12 14:53:07-06	2019-10-12 14:53:07-06	inicio	inicio	 	forapi
17	cat_preguntas	1	0	0	0	0	2019-10-12 14:53:07-06	2019-10-12 14:53:07-06	inicio	inicio	0	forapi
20	campos	1	0	0	0	0	2019-10-12 14:53:07-06	2019-10-12 14:53:07-06	inicio	inicio	0	forapi
8	cat_bitacora_idbitacora_seq	 	 	 	 	1	2019-10-12 14:53:07-06	2019-10-12 14:53:07-06	inicio	inicio	 	forapi
8	campos	1	 	 	 	 	2019-10-12 14:53:07-06	2019-10-12 14:53:07-06	inicio	inicio	 	forapi
20	menus	1	0	0	0	0	2019-10-12 14:53:07-06	2019-10-12 14:53:07-06	inicio	inicio	0	forapi
20	menus_htmltable	1	1	0	0	0	2019-10-12 14:53:07-06	2019-10-12 14:53:07-06	inicio	inicio	0	forapi
14	tablas	1	 	 	 	 	2019-10-12 14:53:07-06	2019-10-12 14:53:07-06	inicio	inicio	 	forapi
19	his_cat_usuarios	 	 	 	 	1	2019-10-12 14:53:07-06	2019-10-12 14:53:07-06	inicio	inicio	 	forapi
4	his_cat_usuarios_seq	 	 	 	 	1	2019-10-12 14:53:07-06	2019-10-12 14:53:07-06	inicio	inicio	 	forapi
8	tablas	1	 	 	 	 	2019-10-12 14:53:07-06	2019-10-12 14:53:07-06	inicio	inicio	 	forapi
14	menus_campos_eventos	 	 	 	 	1	2019-10-12 14:53:07-06	2019-10-12 14:53:07-06	inicio	inicio	 	forapi
21	his_menus_pg_group	 	 	 	 	1	2019-10-12 14:53:07-06	2019-10-12 14:53:07-06	inicio	inicio	 	forapi
14	menus_movtos	 	 	 	 	1	2019-10-12 14:53:07-06	2019-10-12 14:53:07-06	inicio	inicio	 	forapi
17	estados_usuarios	1	 	 	 	 	2019-10-12 14:53:07-06	2019-10-12 14:53:07-06	inicio	inicio	 	forapi
21	his_menus_pg_group_seq	1	 	1	 	1	2019-10-12 14:53:07-06	2019-10-12 14:53:07-06	inicio	inicio	 	forapi
17	pg_authid	0	0	0	1	1	2019-10-12 14:53:07-06	2019-10-12 14:53:07-06	inicio	inicio	0	pg_catalog
8	menus_campos	1	 	 	 	 	2019-10-12 14:53:07-06	2019-10-12 14:53:07-06	inicio	inicio	 	forapi
8	menus_log	 	1	 	 	 	2019-10-12 14:53:07-06	2019-10-12 14:53:07-06	inicio	inicio	 	forapi
14	menus_campos_idcampo_seq	 	 	 	 	1	2019-10-12 14:53:07-06	2019-10-12 14:53:07-06	inicio	inicio	 	forapi
14	menus_campos	 	 	 	 	1	2019-10-12 14:53:07-06	2019-10-12 14:53:07-06	inicio	inicio	 	forapi
19	cat_preguntas_seq	1	 	 	 	 	2019-10-12 14:53:07-06	2019-10-12 14:53:07-06	inicio	inicio	 	forapi
4	cat_preguntas_seq	1	 	 	 	 	2019-10-12 14:53:07-06	2019-10-12 14:53:07-06	inicio	inicio	 	forapi
8	menus_log_idlog_seq	 	 	 	 	1	2019-10-12 14:53:07-06	2019-10-12 14:53:07-06	inicio	inicio	 	forapi
20	tcases	1	0	0	0	0	2019-10-12 14:53:07-06	2019-10-12 14:53:07-06	inicio	inicio	0	forapi
19	his_cat_usuarios_seq	 	 	 	 	1	2019-10-12 14:53:07-06	2019-10-12 14:53:07-06	inicio	inicio	 	forapi
14	campos	1	 	 	 	 	2019-10-12 14:53:07-06	2019-10-12 14:53:07-06	inicio	inicio	 	forapi
20	pg_namespace	1	0	0	0	0	2019-10-12 14:53:07-06	2019-10-12 14:53:07-06	inicio	inicio	0	pg_catalog
14	menus_eventos	 	 	 	 	1	2019-10-12 14:53:07-06	2019-10-12 14:53:07-06	inicio	inicio	 	forapi
21	menus_pg_group_orden_seq	1	0	1	0	0	2019-10-12 14:53:07-06	2019-10-12 14:53:07-06	inicio	inicio	0	forapi
26	menus_log	1	0	0	0	 	2019-10-12 14:53:07-06	2019-10-12 14:53:07-06	inicio	inicio	 	forapi
8	cat_usuarios	1	 	 	 	1	2019-10-12 14:53:07-06	2019-10-12 14:53:07-06	inicio	inicio	 	forapi
18	cat_preguntas	1	0	0	0	0	2019-10-12 14:53:07-06	2019-10-12 14:53:07-06	inicio	inicio	0	forapi
8	menus_subvistas	1	 	1	 	 	2019-10-12 14:53:07-06	2019-10-12 14:53:07-06	inicio	inicio	 	forapi
17	his_cat_usuarios	 	 	 	 	1	2019-10-12 14:53:07-06	2019-10-12 14:53:07-06	inicio	inicio	 	forapi
8	menus_eventos	1	 	 	 	 	2019-10-12 14:53:07-06	2019-10-12 14:53:07-06	inicio	inicio	 	forapi
17	cat_usuarios_pg_group	 	 	 	 	1	2019-10-12 14:53:07-06	2019-10-12 14:53:07-06	inicio	inicio	 	forapi
1	his_menus_pg_tables	 	 	 	 	1	2019-10-12 14:53:07-06	2019-10-12 14:53:07-06	inicio	inicio	 	forapi
\.


--
-- Data for Name: menus_presentacion; Type: TABLE DATA; Schema: forapi; Owner: postgres
--

COPY menus_presentacion (idpresentacion, descripcion, fecha_alta, usuario_alta, fecha_modifico, usuario_modifico) FROM stdin;
\.


--
-- Name: menus_presentacion_idpresentacion_seq; Type: SEQUENCE SET; Schema: forapi; Owner: postgres
--

SELECT pg_catalog.setval('menus_presentacion_idpresentacion_seq', 1, false);


--
-- Data for Name: menus_seguimiento; Type: TABLE DATA; Schema: forapi; Owner: postgres
--

COPY menus_seguimiento (idseguimietno, idmenu, usename, fecha_alta, usuario_alta) FROM stdin;
\.


--
-- Name: menus_seguimiento_idseguimietno_seq; Type: SEQUENCE SET; Schema: forapi; Owner: postgres
--

SELECT pg_catalog.setval('menus_seguimiento_idseguimietno_seq', 1, false);


--
-- Data for Name: menus_subvistas; Type: TABLE DATA; Schema: forapi; Owner: postgres
--

COPY menus_subvistas (idmenus_subvistas, idmenu, texto, imagen, idsubvista, funcion, dialogwidth, dialogheight, esboton, donde, eventos_antes, eventos_despues, campo_filtro, valor_padre, fecha_alta, usuario_alta, fecha_modifico, usuario_modifico, clase, posicion, orden, ventana) FROM stdin;
1	11	Historico		5		1049	511	2	1			usename	usename	2019-10-12 00:00:00-06	inicio	\N	\N		0	0	0
2	14	tablas		1		966	522	2	1			idmenu	idmenu	2019-10-12 00:00:00-06	inicio	\N	\N		0	0	0
3	18	Grupos		3		1135	568	1	1			usename	usename	2019-10-12 00:00:00-06	inicio	\N	\N		0	0	0
5	14	grupos		21		1108	714	2	1			idmenu	idmenu	2019-10-12 00:00:00-06	inicio	\N	\N		0	0	0
6	17	Log		26		976	602	2	0			usuario_alta	usename	2019-10-12 00:00:00-06	inicio	\N	\N		0	0	0
7	11	Accesos Usuario		0		843	479	2	1			usuario_alta	usename	2019-10-12 00:00:00-06	inicio	\N	\N		0	0	0
10	14	Log		26		976	602	2	0			idmenu	idmenu	2019-10-12 00:00:00-06	inicio	\N	\N		0	950	0
12	16	Menus		21		1108	714	1	1			groname	rolname	2019-10-12 00:00:00-06	inicio	\N	\N		0	0	0
13	14	Subvistas		30		1052	560	2	1			idmenu	idmenu	2019-10-12 00:00:00-06	inicio	\N	\N		0	0	0
14	14	Seguimiento		28		555	476	2	0			idmenu	idmenu	2019-10-12 00:00:00-06	inicio	\N	\N		0	800	0
17	17	Grupos		3		1135	568	2	1			usename	usename	2019-10-12 00:00:00-06	inicio	\N	\N		0	0	0
18	17	Historico		5		1049	511	2	1			usename	usename	2019-10-12 00:00:00-06	inicio	\N	\N		0	0	0
19	11	Cambio de Password		0		845	448	2	1			usename	usename	2019-10-12 00:00:00-06	inicio	\N	\N		0	0	0
20	15	Grupos		3		1135	568	1	1			usename	usename	2019-10-12 00:00:00-06	inicio	\N	\N		0	0	0
21	14	Historico		0		790	574	2	1			idmenu	idmenu	2019-10-12 00:00:00-06	inicio	\N	\N		0	0	0
22	17	Accesos Usuario		0		843	479	2	1			usuario_alta	usename	2019-10-12 00:00:00-06	inicio	\N	\N		0	0	0
26	14	Movtos		27		809	526	2	0			idmenu	idmenu	2019-10-12 00:00:00-06	inicio	\N	\N		0	0	0
27	9	Registro	fas fa-user-plus	19		635	470	1	1					2019-10-12 00:00:00-06	inicio	\N	\N		1	20	0
29	1	Historico		0		737	474	1	1			idmenu	idmenu	2019-10-12 00:00:00-06	inicio	\N	\N		0	0	0
30	3	Historico		0		736	306	1	1			usename	usename	2019-10-12 00:00:00-06	inicio	\N	\N		0	0	0
32	14	Eventos		7		1020	463	2	1			idmenu	idmenu	2019-10-12 00:00:00-06	inicio	\N	\N		0	0	0
35	11	Log		26		976	602	2	0			usuario_alta	usename	2019-10-12 00:00:00-06	inicio	\N	\N		0	0	0
36	17	Cambio de Password		0		845	448	2	1			usename	usename	2019-10-12 00:00:00-06	inicio	\N	\N		0	0	0
38	16	Usuarios		3		1135	568	1	1			groname	rolname	2019-10-12 00:00:00-06	inicio	\N	\N		0	0	0
15	13	Archivo		0	crea_sqlarchivo	40	30	1	1					2019-10-12 00:00:00-06	inicio	\N	\N	src/php/reingenieria_class.php	0	0	0
16	13	Baja Admon		0	baja_admon	0	0	1	1					2019-10-12 00:00:00-06	inicio	\N	\N	src/php/reingenieria_class.php	1	10	0
23	17	Permisos		0	permisos	50	30	1	1			usename	usename	2019-10-12 00:00:00-06	inicio	\N	\N	src/php/seguridad_class.php	0	0	0
25	14	Copia Opcion		0	copiaopcion	40	30	1	0					2019-10-12 00:00:00-06	inicio	\N	\N	src/php/reingenieria_class.php	0	0	0
28	13	Base		0	crea_menusbase	40	30	1	1					2019-10-12 00:00:00-06	inicio	\N	\N	src/php/reingenieria_class.php	0	0	0
34	16	PermisosGrupo		0	permisosgrupo	0	0	1	0					2019-10-12 00:00:00-06	inicio	\N	\N	src/php/seguridad_class.php	0	0	0
37	23	Validar FIEL	entrar.gif	0	validafiel	0	0	1	1					2019-10-12 00:00:00-06	inicio	\N	\N	src/php/firma_digital.php	1	10	0
9	20	Eventos		7		879	433	1	0			idmenu;attnum	idmenu;attnum	2019-10-12 00:00:00-06	inicio	\N	\N		0	10	0
8	14	Campos		20		800	600	2	0			idmenu	idmenu	2019-10-12 00:00:00-06	inicio	\N	\N		0	0	0
33	9	Ingresar	fas fa-sign-in-alt	0	validausuario	0	0	1	1					2019-10-12 00:00:00-06	inicio	\N	\N	src/php/seguridad_class.php	1	10	0
41	31	Base		0	crea_menusbase	40	30	1	1					2019-10-20 19:38:33.016632-06	inicio	2019-10-20 19:38:33.016632-06	inicio	src/php/reingenieria_class.php	1	0	0
\.


--
-- Name: menus_subvistas_idmenus_subvistas_seq; Type: SEQUENCE SET; Schema: forapi; Owner: postgres
--

SELECT pg_catalog.setval('menus_subvistas_idmenus_subvistas_seq', 41, true);


--
-- Data for Name: menus_tiempos; Type: TABLE DATA; Schema: forapi; Owner: postgres
--

COPY menus_tiempos (idtiempo, descripcion, fecha_alta, fecha_modifico, usuario_alta, usuario_modifico, unidadtiempo, tiempo, orden) FROM stdin;
\.


--
-- Name: menus_tiempos_idtiempo_seq; Type: SEQUENCE SET; Schema: forapi; Owner: postgres
--

SELECT pg_catalog.setval('menus_tiempos_idtiempo_seq', 1, false);


--
-- Data for Name: tcases; Type: TABLE DATA; Schema: forapi; Owner: postgres
--

COPY tcases (tcase, descripcion) FROM stdin;
\.


--
-- PostgreSQL database dump complete
--

